image_name,resized_size,patch_size,kernel_dim,Avg_ref_h,Avg_ref_z,mean_box_size,std_size,diff_patch_mbs,aspect_ratio,mae,mre,qual_score
Image_7645,384,24,3,43,145,94,5.91,70,3.37,23,0.61,0.75
Image_7095,384,24,3,35,116,76,3.4,52,3.31,21,0.29,0.56
Image_7661,384,24,3,30,41,36,3.7,12,1.37,18,0.33,0.53
Image_7662,384,24,3,47,35,41,3.97,17,1.34,11,0.27,0.54
Image_6661,384,24,3,11,12,12,0.71,12,1.09,72,0.24,0.67
Image_6660,384,24,3,279,30,154,2.16,130,9.3,5,0.32,0.92
Image_6659,384,24,3,40,323,182,2.49,158,8.07,2,0.17,0.8
Image_6658,384,24,3,15,9,12,1.7,12,1.67,0,0.0,0.65
Image_6657,384,24,3,25,25,25,7.83,1,1.0,13,0.12,0.56
Image_6656,384,24,3,29,30,30,2.13,6,1.03,13,0.11,0.46
Image_6655,384,24,3,9,73,41,1.47,17,8.11,100,0.71,0.49
Image_6653,384,24,3,17,21,19,1.48,5,1.24,21,0.06,0.54
Image_6652,384,24,3,41,79,60,1.73,36,1.93,9,0.21,0.45
Image_6651,384,24,3,40,151,96,5.4,72,3.77,1,0.05,0.76
Image_6650,384,24,3,75,90,82,4.31,58,1.2,7,0.52,0.35
Image_6649,384,24,3,17,46,32,18.54,8,2.71,47,0.76,0.38
Image_6648,384,24,3,20,19,20,1.09,4,1.05,7,0.17,0.63
Image_6645,384,24,3,34,32,33,2.78,9,1.06,10,0.22,0.46
Image_6644,384,24,3,6,12,9,0.71,15,2.0,51,0.09,0.79
Image_5944,384,24,3,40,57,48,2.85,24,1.43,0,0.0,0.44
Image_5940,384,24,3,78,79,78,13.21,54,1.01,2,0.08,0.41
Image_5939,384,24,3,83,133,108,18.67,84,1.6,2,0.19,0.63
Image_5938,384,24,3,57,88,72,6.97,48,1.54,21,0.4,0.55
Image_5936,384,24,3,54,69,62,2.19,38,1.28,1,0.05,0.37
Image_5934,384,24,3,61,84,72,7.26,48,1.38,11,0.39,0.54
Image_5933,384,24,3,79,44,62,6.98,38,1.8,11,0.47,0.63
Image_5932,384,24,3,99,64,82,4.21,58,1.55,13,0.39,0.46
Image_5931,384,24,3,86,137,112,8.67,88,1.59,1,0.1,0.73
Image_5930,384,24,3,65,71,68,2.72,44,1.09,22,0.6,0.68
Image_5929,384,24,3,32,57,44,3.11,20,1.78,15,0.16,0.44
Image_5926,384,24,3,42,73,58,1.05,34,1.74,0,0.0,0.52
Image_5925,384,24,3,138,98,118,19.77,94,1.41,8,0.26,0.56
Image_5924,384,24,3,101,103,102,6.4,78,1.02,11,0.4,0.57
Image_5923,384,24,3,81,68,74,3.3,50,1.19,21,0.61,0.66
Image_5922,384,24,3,26,36,31,0.94,7,1.38,17,0.32,0.65
Image_5921,384,24,3,51,76,64,1.82,40,1.49,18,0.37,0.52
Image_5918,384,24,3,72,53,62,3.25,38,1.36,3,0.19,0.54
Image_5917,384,24,3,53,74,64,1.57,40,1.4,7,0.36,0.61
Image_5915,384,24,3,49,56,52,2.87,28,1.14,6,0.32,0.56
Image_5602,384,24,3,54,74,64,1.57,40,1.37,14,0.39,0.53
Image_5601,384,24,3,54,74,64,1.67,40,1.37,9,0.29,0.52
Image_5600,384,24,3,21,24,22,1.05,2,1.14,21,0.12,0.49
Image_5598,384,24,3,58,79,68,1.71,44,1.36,29,0.55,0.65
Image_5596,384,24,3,35,49,42,4.73,18,1.4,12,0.23,0.52
Image_5595,384,24,3,69,92,80,4.59,56,1.33,0,0.0,0.54
Image_5594,384,24,3,60,77,68,2.89,44,1.28,27,0.64,0.74
Image_5593,384,24,3,49,65,57,3.83,33,1.33,15,0.39,0.53
Image_5592,384,24,3,37,21,29,1.18,5,1.76,26,0.22,0.49
Image_5591,384,24,3,65,47,56,2.98,32,1.38,26,0.44,0.56
Image_5590,384,24,3,74,102,88,7.77,64,1.38,7,0.29,0.47
Image_5588,384,24,3,36,42,39,2.51,15,1.17,25,0.34,0.53
Image_5587,384,24,3,57,72,64,2.1,40,1.26,13,0.44,0.56
Image_5585,384,24,3,44,59,52,3.3,28,1.34,29,0.47,0.58
Image_5584,384,24,3,37,27,32,3.11,8,1.37,25,0.33,0.54
Image_5583,384,24,3,52,68,60,2.11,36,1.31,3,0.19,0.46
Image_5582,384,24,3,37,38,38,2.05,14,1.03,9,0.23,0.38
Image_5581,384,24,3,72,101,86,4.3,62,1.4,8,0.48,0.71
Image_5580,384,24,3,42,48,45,1.94,21,1.14,23,0.35,0.59
Image_5576,384,24,3,44,48,46,4.38,22,1.09,27,0.29,0.58
Image_5575,384,24,3,69,73,71,3.01,47,1.06,3,0.32,0.55
Image_5574,384,24,3,20,21,20,1.09,4,1.05,29,0.24,0.52
Image_5573,384,24,3,42,43,42,2.25,18,1.02,5,0.16,0.4
Image_5572,384,24,3,60,96,78,7.49,54,1.6,2,0.27,0.49
Image_5571,384,24,3,51,65,58,1.59,34,1.27,8,0.28,0.48
Image_5568,384,24,3,38,49,44,9.86,20,1.29,13,0.3,0.54
Image_5567,384,24,3,45,41,43,6.13,19,1.1,26,0.34,0.53
Image_5566,384,24,3,60,74,67,9.57,43,1.23,3,0.08,0.35
Image_5563,384,24,3,17,12,14,2.03,10,1.42,50,0.21,0.69
Image_5390,384,24,3,84,53,68,10.3,44,1.58,1,0.07,0.46
Image_5386,384,24,3,51,77,64,1.97,40,1.51,3,0.17,0.46
Image_5382,384,24,3,48,65,56,2.34,32,1.35,5,0.34,0.63
Image_5380,384,24,3,94,76,85,6.04,61,1.24,5,1.11,0.35
Image_5378,384,24,3,76,73,74,2.42,50,1.04,3,0.21,0.6
Image_5376,384,24,3,100,77,88,6.25,64,1.3,1,0.08,0.6
Image_5375,384,24,3,100,79,90,7.9,66,1.27,17,0.48,0.57
Image_5372,384,24,3,57,47,52,5.72,28,1.21,7,0.18,0.46
Image_5371,384,24,3,53,52,52,3.28,28,1.02,2,0.04,0.36
Image_5369,384,24,3,42,50,46,5.72,22,1.19,2,0.07,0.44
Image_5368,384,24,3,26,24,25,1.72,1,1.08,15,0.09,0.51
Image_5367,384,24,3,19,31,25,0.47,1,1.63,4,0.03,0.47
Image_5366,384,24,3,26,37,32,1.56,8,1.42,7,0.11,0.42
Image_5364,384,24,3,49,56,52,2.57,28,1.14,16,0.41,0.52
Image_5363,384,24,3,31,40,36,3.71,12,1.29,1,0.03,0.44
Image_5361,384,24,3,29,43,36,4.15,12,1.48,3,0.12,0.43
Image_5360,384,24,3,29,40,34,2.55,10,1.38,21,0.24,0.46
Image_5359,384,24,3,17,24,20,0.64,4,1.41,9,0.21,0.57
Image_5358,384,24,3,55,73,64,3.13,40,1.33,25,0.5,0.6
Image_5149,384,24,3,25,32,28,2.16,4,1.28,17,0.18,0.53
Image_5143,384,24,3,23,45,34,8.85,10,1.96,17,0.21,0.59
Image_5142,384,24,3,22,29,26,3.27,2,1.32,4,0.02,0.5
Image_4970,384,24,3,35,46,40,1.87,16,1.31,7,0.14,0.55
Image_4969,384,24,3,38,28,33,5.18,9,1.36,28,0.2,0.47
Image_4967,384,24,3,65,99,82,3.4,58,1.52,2,0.09,0.6
Image_4966,384,24,3,60,83,72,6.22,48,1.38,10,0.18,0.48
Image_4965,384,24,3,75,120,98,17.03,74,1.6,6,0.63,0.64
Image_4964,384,24,3,41,55,48,8.38,24,1.34,22,0.3,0.46
Image_4963,384,24,3,19,31,25,2.49,1,1.63,38,0.15,0.5
Image_4962,384,24,3,37,41,39,5.26,15,1.11,15,0.33,0.53
Image_4961,384,24,3,10,17,14,1.97,10,1.7,70,0.16,0.67
Image_4960,384,24,3,59,84,72,19.51,48,1.42,10,0.25,0.51
Image_4959,384,24,3,38,62,50,1.65,26,1.63,6,0.16,0.51
Image_4958,384,24,3,44,60,52,11.44,28,1.36,15,0.11,0.4
Image_4957,384,24,3,26,35,30,9.81,6,1.35,12,0.11,0.48
Image_4956,384,24,3,27,45,36,7.56,12,1.67,29,0.22,0.53
Image_4955,384,24,3,35,46,40,9.02,16,1.31,16,0.1,0.39
Image_4954,384,24,3,43,66,54,9.37,30,1.53,1,0.04,0.55
Image_4953,384,24,3,30,52,41,7.53,17,1.73,18,0.26,0.49
Image_4952,384,24,3,19,23,21,3.12,3,1.21,19,0.07,0.52
Image_4951,384,24,3,22,19,20,3.11,4,1.16,14,0.08,0.62
Image_4950,384,24,3,41,54,48,11.93,24,1.32,18,0.35,0.55
Image_4949,384,24,3,24,35,30,3.76,6,1.46,28,0.23,0.57
Image_4948,384,24,3,81,140,110,17.37,86,1.73,8,0.76,0.66
Image_4947,384,24,3,20,35,28,3.65,4,1.75,53,0.21,0.5
Image_4946,384,24,3,40,56,48,12.03,24,1.4,25,0.26,0.49
Image_4945,384,24,3,33,44,38,1.26,14,1.33,12,0.22,0.53
Image_4944,384,24,3,24,32,28,4.51,4,1.33,11,0.18,0.57
Image_4943,384,24,3,42,64,53,2.46,29,1.52,26,0.28,0.52
Image_4942,384,24,3,49,78,64,2.21,40,1.59,6,0.12,0.4
Image_4941,384,24,3,31,42,36,3.71,12,1.35,15,0.08,0.36
Image_4940,384,24,3,53,98,76,5.22,52,1.85,14,0.31,0.51
Image_4939,384,24,3,70,95,82,16.33,58,1.36,3,0.13,0.54
Image_4938,384,24,3,26,51,38,9.32,14,1.96,13,0.18,0.54
Image_4933,384,24,3,77,59,68,8.67,44,1.31,44,0.45,0.56
Image_4924,384,24,3,36,59,48,4.56,24,1.64,20,0.23,0.54
Image_4923,384,24,3,39,59,49,4.47,25,1.51,7,0.18,0.5
Image_4908,384,24,3,42,74,58,7.45,34,1.76,4,0.2,0.41
Image_4904,384,24,3,60,86,73,9.72,49,1.43,3,0.35,0.34
Image_4903,384,24,3,56,73,64,3.09,40,1.3,11,0.37,0.53
Image_4885,384,24,3,51,41,46,6.71,22,1.24,5,0.3,0.81
Image_4875,384,24,3,57,74,66,4.85,42,1.3,60,0.6,0.68
Image_4874,384,24,3,43,66,54,5.17,30,1.53,61,0.47,0.57
Image_4502,384,24,3,23,312,168,3.28,144,13.57,18,0.46,0.68
Image_4501,384,24,3,20,321,170,5.21,146,16.05,0,0.0,0.78
Image_4500,384,24,3,44,351,198,8.12,174,7.98,7,4.67,1.56
Image_4497,384,24,3,24,301,162,11.72,138,12.54,20,0.58,0.83
Image_4496,384,24,3,27,337,182,10.04,158,12.48,41,0.75,0.88
Image_4494,384,24,3,14,285,150,11.98,126,20.36,38,0.59,0.73
Image_4493,384,24,3,19,308,164,2.21,140,16.21,3,0.19,0.75
Image_4409,384,24,3,48,80,64,13.0,40,1.67,2,0.17,0.92
Image_4407,384,24,3,20,39,30,18.12,6,1.95,18,0.35,0.35
Image_4406,384,24,3,13,27,20,11.5,4,2.08,2,0.19,0.59
Image_4296,384,24,3,59,67,63,3.89,39,1.14,17,0.34,0.5
Image_4286,384,24,3,17,27,22,4.13,2,1.59,57,0.15,0.49
Image_4175,384,24,3,78,126,102,4.58,78,1.62,7,0.25,0.75
Image_4170,384,24,3,29,119,74,5.58,50,4.1,12,0.26,0.56
Image_4123,384,24,3,69,61,65,10.97,41,1.13,1,0.07,0.45
Image_4122,384,24,3,68,111,90,16.9,66,1.63,10,0.44,0.66
Image_4121,384,24,3,69,108,88,7.0,64,1.57,13,0.55,0.72
Image_4120,384,24,3,43,56,50,3.53,26,1.3,16,0.26,0.52
Image_4119,384,24,3,78,112,95,2.49,71,1.44,7,1.27,0.53
Image_4116,384,24,3,59,80,70,4.25,46,1.36,13,0.46,0.6
Image_4115,384,24,3,39,72,56,4.39,32,1.85,2,0.19,0.75
Image_4113,384,24,3,40,57,48,4.57,24,1.43,35,0.48,0.69
Image_4111,384,24,3,35,42,38,2.94,14,1.2,8,0.25,0.61
Image_4110,384,24,3,132,52,92,17.65,68,2.54,3,0.19,0.57
Image_4089,384,24,3,31,60,46,1.33,22,1.94,36,0.38,0.5
Image_4088,384,24,3,46,59,52,4.74,28,1.28,20,0.41,0.58
Image_4087,384,24,3,40,31,36,0.71,12,1.29,34,0.22,0.48
Image_4086,384,24,3,53,75,64,2.4,40,1.42,2,0.14,0.45
Image_4085,384,24,3,26,36,31,1.44,7,1.38,20,0.19,0.51
Image_4084,384,24,3,44,57,50,6.06,26,1.3,9,0.42,0.64
Image_4083,384,24,3,54,54,54,1.32,30,1.0,12,0.15,0.38
Image_4082,384,24,3,28,22,25,1.78,1,1.27,15,0.12,0.49
Image_4079,384,24,3,44,61,52,3.18,28,1.39,4,0.14,0.39
Image_4078,384,24,3,32,52,42,3.92,18,1.62,12,0.17,0.47
Image_4077,384,24,3,17,34,26,4.73,2,2.0,3,0.01,0.4
Image_4074,384,24,3,48,62,55,2.63,31,1.29,8,0.25,0.45
Image_4073,384,24,3,65,60,62,5.03,38,1.08,13,0.34,0.45
Image_4072,384,24,3,65,86,76,4.11,52,1.32,2,0.15,0.45
Image_4069,384,24,3,35,26,30,2.89,6,1.35,24,0.17,0.43
Image_4068,384,24,3,71,99,85,4.99,61,1.39,5,0.32,0.59
Image_4067,384,24,3,38,52,45,2.07,21,1.37,11,0.21,0.49
Image_4066,384,24,3,72,98,85,4.13,61,1.36,1,0.12,0.48
Image_4065,384,24,3,51,40,46,4.7,22,1.27,15,0.29,0.54
Image_4063,384,24,3,57,57,57,3.93,33,1.0,1,0.1,0.46
Image_4062,384,24,3,15,25,20,4.78,4,1.67,113,0.29,0.55
Image_3697,384,24,3,149,108,128,8.06,104,1.38,3,0.21,0.81
Image_3696,384,24,3,146,126,136,6.6,112,1.16,3,0.26,0.91
Image_3694,384,24,3,57,86,72,4.52,48,1.51,10,0.22,0.53
Image_3693,384,24,3,44,54,49,2.17,25,1.23,4,0.1,0.38
Image_3651,384,24,3,89,114,102,8.77,78,1.28,5,0.77,0.74
Image_3650,384,24,3,47,81,64,9.85,40,1.72,6,0.71,0.57
Image_3645,384,24,3,45,49,47,8.12,23,1.09,6,0.09,0.53
Image_3644,384,24,3,63,61,62,17.41,38,1.03,1,0.07,0.58
Image_3501,384,24,3,30,41,36,6.66,12,1.37,5,0.08,0.42
Image_3500,384,24,3,51,70,60,4.19,36,1.37,2,0.11,0.46
Image_3494,384,24,3,85,53,69,4.23,45,1.6,5,0.12,0.53
Image_3342,384,24,3,72,112,92,3.12,68,1.56,2,0.14,0.53
Image_3341,384,24,3,52,57,54,2.28,30,1.1,11,0.43,0.2
Image_3339,384,24,3,67,94,80,5.02,56,1.4,16,1.68,0.25
Image_3329,384,24,3,15,10,12,2.06,12,1.5,83,0.32,0.71
Image_3310,384,24,3,40,50,45,1.94,21,1.25,0,0.0,0.3
Image_3309,384,24,3,49,80,64,4.99,40,1.63,0,0.0,0.35
Image_3284,384,24,3,80,92,86,18.34,62,1.15,13,0.44,0.56
Image_3283,384,24,3,31,32,32,9.74,8,1.03,1,0.03,0.45
Image_3282,384,24,3,57,63,60,10.84,36,1.11,12,0.28,0.45
Image_3281,384,24,3,90,57,74,14.73,50,1.58,8,1.07,0.3
Image_3279,384,24,3,44,59,52,7.88,28,1.34,1,0.04,0.38
Image_3278,384,24,3,55,41,48,4.52,24,1.34,24,0.44,0.61
Image_3275,384,24,3,80,72,76,5.56,52,1.11,13,0.51,0.59
Image_3271,384,24,3,96,102,99,12.29,75,1.06,35,0.62,0.69
Image_3270,384,24,3,68,80,74,7.03,50,1.18,5,0.2,0.43
Image_3268,384,24,3,68,77,72,11.06,48,1.13,7,0.26,0.55
Image_3160,384,24,3,89,93,91,7.13,67,1.04,0,0.0,0.59
Image_2956,384,24,3,81,46,64,12.53,40,1.76,0,0.0,0.51
Image_2955,384,24,3,39,31,35,3.12,11,1.26,24,0.29,0.46
Image_2954,384,24,3,47,78,62,0.88,38,1.66,20,0.34,0.58
Image_2952,384,24,3,28,59,44,3.1,20,2.11,2,0.03,0.43
Image_2951,384,24,3,39,68,54,1.05,30,1.74,1,0.06,0.46
Image_2949,384,24,3,87,37,62,2.86,38,2.35,5,0.17,0.51
Image_2948,384,24,3,80,78,79,3.24,55,1.03,7,1.56,0.44
Image_2947,384,24,3,51,60,56,1.97,32,1.18,1,0.03,0.39
Image_2946,384,24,3,72,63,68,12.06,44,1.14,4,0.47,0.42
Image_2945,384,24,3,75,52,64,1.33,40,1.44,1,0.06,0.52
Image_2944,384,24,3,37,59,48,7.86,24,1.59,2,0.03,0.41
Image_2943,384,24,3,58,60,59,1.65,35,1.03,2,0.06,0.46
Image_2942,384,24,3,48,48,48,1.03,24,1.0,6,0.31,0.32
Image_2941,384,24,3,86,82,84,10.9,60,1.05,3,0.15,0.69
Image_2939,384,24,3,24,32,28,4.29,4,1.33,27,1.06,0.38
Image_2938,384,24,3,79,68,74,15.61,50,1.16,2,0.27,0.62
Image_2937,384,24,3,44,44,44,12.12,20,1.0,37,0.89,0.35
Image_2936,384,24,3,84,54,69,12.91,45,1.56,2,0.09,0.44
Image_2935,384,24,3,83,41,62,2.41,38,2.02,7,1.08,0.36
Image_2933,384,24,3,53,36,44,10.11,20,1.47,6,0.12,0.49
Image_2932,384,24,3,94,54,74,11.58,50,1.74,5,0.16,0.49
Image_2931,384,24,3,59,49,54,26.1,30,1.2,11,0.2,0.51
Image_2930,384,24,3,35,46,40,4.48,16,1.31,8,0.15,0.48
Image_2929,384,24,3,37,35,36,2.45,12,1.06,23,0.42,0.51
Image_2927,384,24,3,30,46,38,4.29,14,1.53,5,0.09,0.49
Image_2926,384,24,3,94,53,74,6.51,50,1.77,12,0.33,0.51
Image_2924,384,24,3,47,45,46,2.54,22,1.04,1,0.02,0.43
Image_2923,384,24,3,53,34,44,8.82,20,1.56,53,1.58,0.34
Image_2922,384,24,3,75,66,70,14.52,46,1.14,3,0.18,0.34
Image_2921,384,24,3,67,55,61,12.4,37,1.22,6,0.18,0.44
Image_2920,384,24,3,40,79,60,10.44,36,1.98,6,0.31,0.71
Image_2918,384,24,3,47,49,48,1.7,24,1.04,19,0.43,0.57
Image_2916,384,24,3,17,18,18,2.78,6,1.06,94,0.87,0.52
Image_2915,384,24,3,45,48,46,3.97,22,1.07,3,0.05,0.47
Image_2914,384,24,3,33,76,54,3.09,30,2.3,4,0.16,0.33
Image_2913,384,24,3,69,72,70,7.9,46,1.04,11,2.44,0.59
Image_2912,384,24,3,34,36,35,1.03,11,1.06,4,0.05,0.5
Image_2910,384,24,3,49,177,113,1.35,89,3.61,6,0.29,0.68
Image_2908,384,24,3,44,53,48,4.41,24,1.2,1,0.03,0.39
Image_2248,384,24,3,38,56,47,2.96,23,1.47,24,0.31,0.52
Image_2225,384,24,3,94,109,102,13.89,78,1.16,2,0.09,0.57
Image_2209,384,24,3,100,148,124,8.56,100,1.48,1,0.1,0.76
Image_2203,384,24,3,64,100,82,8.41,58,1.56,2,0.1,0.43
Image_2195,384,24,3,122,115,118,8.88,94,1.06,2,0.17,0.75
Image_2177,384,24,3,79,128,104,7.82,80,1.62,2,0.07,0.53
Image_2165,384,24,3,81,104,92,3.98,68,1.28,18,0.42,0.58
Image_2155,384,24,3,101,95,98,3.77,74,1.06,7,0.27,0.66
Image_2152,384,24,3,72,127,100,26.52,76,1.76,3,0.12,0.47
Image_2142,384,24,3,76,87,82,15.41,58,1.14,13,0.27,0.53
Image_2141,384,24,3,83,109,96,7.47,72,1.31,0,0.0,0.55
Image_2138,384,24,3,53,83,68,7.41,44,1.57,6,0.26,0.4
Image_2140,384,24,3,77,73,75,17.72,51,1.05,4,0.16,0.51
Image_2051,384,24,3,102,56,79,9.09,55,1.82,8,0.34,0.7
Image_2036,384,24,3,76,51,64,4.55,40,1.49,3,0.1,0.77
Image_2035,384,24,3,108,40,74,5.26,50,2.7,20,0.41,0.8
Image_2026,384,24,3,83,58,70,4.52,46,1.43,3,0.15,0.86
Image_2019,384,24,3,119,81,100,5.13,76,1.47,16,0.52,0.84
Image_2018,384,24,3,34,73,54,4.33,30,2.15,19,0.22,0.67
Image_2011,384,24,3,55,35,45,2.34,21,1.57,61,0.43,0.66
Image_2009,384,24,3,29,22,26,0.94,2,1.32,200,0.5,0.74
Image_2008,384,24,3,51,46,48,2.13,24,1.11,46,0.52,0.77
Image_2007,384,24,3,41,36,38,13.34,14,1.14,24,0.18,0.65
Image_2005,384,24,3,31,24,28,0.47,4,1.29,133,0.49,0.75
Image_2004,384,24,3,35,22,28,1.89,4,1.59,218,0.49,0.73
Image_1493,384,24,3,17,28,22,1.32,2,1.65,51,3.09,0.37
Image_1463,384,24,3,31,37,34,6.78,10,1.19,9,0.17,0.35
Image_1461,384,24,3,15,23,19,1.67,5,1.53,74,2.9,0.47
Image_1456,384,24,3,15,21,18,2.32,6,1.4,49,0.36,0.54
Image_1130,384,24,3,15,10,12,1.7,12,1.5,27,0.78,0.94
Image_1106,384,24,3,31,28,30,5.92,6,1.11,3,0.06,0.6
Image_998,384,24,3,34,42,38,2.51,14,1.24,1,0.04,0.6
Image_996,384,24,3,59,78,68,8.63,44,1.32,7,0.61,0.55
Image_993,384,24,3,59,75,67,11.75,43,1.27,2,0.13,0.37
Image_991,384,24,3,18,29,24,1.05,0,1.61,20,0.18,0.68
Image_990,384,24,3,19,27,23,0.94,1,1.42,0,0.0,0.66
Image_989,384,24,3,27,82,54,8.61,30,3.04,65,0.48,0.63
Image_988,384,24,3,57,114,86,2.34,62,2.0,7,0.36,0.55
Image_985,384,24,3,30,46,38,6.6,14,1.53,22,0.29,0.68
Image_907,384,24,3,48,125,86,11.0,62,2.6,33,0.53,0.69
Image_906,384,24,3,13,28,20,3.02,4,2.15,154,1.89,0.52
Image_701,384,24,3,40,73,56,2.83,32,1.82,25,0.29,0.52
Image_693,384,24,3,61,84,72,2.03,48,1.38,8,0.31,0.54
Image_680,384,24,3,53,145,99,4.26,75,2.74,2,0.14,0.56
Image_349,384,24,3,51,100,76,2.28,52,1.96,28,0.41,0.61
Image_342,384,24,3,49,64,56,21.39,32,1.31,22,0.26,0.6
Image_336,384,24,3,35,45,40,4.14,16,1.29,145,0.9,0.94
Image_330,384,24,3,84,111,98,8.1,74,1.32,52,0.67,0.75
Image_317,384,24,3,16,25,20,3.57,4,1.56,1,0.07,0.61
Image_313,384,24,3,83,125,104,10.78,80,1.51,42,0.64,0.7
Image_293,384,24,3,45,72,58,6.54,34,1.6,38,0.48,0.58
Image_291,384,24,3,54,99,76,11.11,52,1.83,4,0.38,0.51
Image_286,384,24,3,53,87,70,13.14,46,1.64,11,0.51,0.67
Image_2,384,24,3,50,82,66,1.94,42,1.64,2,0.19,0.59
Image_7645,384,32,3,43,145,94,5.91,62,3.37,6,0.29,0.71
Image_7095,384,32,3,35,116,76,3.4,44,3.31,0,0.0,0.44
Image_7661,384,32,3,30,41,36,3.7,4,1.37,8,0.18,0.41
Image_7662,384,32,3,47,35,41,3.97,9,1.34,3,0.09,0.39
Image_6661,384,32,3,11,12,12,0.71,20,1.09,1,0.0,0.7
Image_6660,384,32,3,279,30,154,2.16,122,9.3,1,0.11,0.97
Image_6659,384,32,3,40,323,182,2.49,150,8.07,5,1.11,1.11
Image_6658,384,32,3,15,9,12,1.7,20,1.67,79,0.18,0.66
Image_6657,384,32,3,25,25,25,7.83,7,1.0,33,0.36,0.41
Image_6656,384,32,3,29,30,30,2.13,2,1.03,8,0.09,0.33
Image_6655,384,32,3,9,73,41,1.47,9,8.11,99,0.7,0.47
Image_6653,384,32,3,17,21,19,1.48,13,1.24,89,0.22,0.57
Image_6652,384,32,3,41,79,60,1.73,28,1.93,9,0.21,0.41
Image_6651,384,32,3,40,151,96,5.4,64,3.77,9,0.86,0.79
Image_6650,384,32,3,75,90,82,4.31,50,1.2,9,0.78,0.34
Image_6649,384,32,3,17,46,32,18.54,0,2.71,8,0.08,0.37
Image_6648,384,32,3,20,19,20,1.09,12,1.05,6,0.11,0.66
Image_6645,384,32,3,34,32,33,2.78,1,1.06,5,0.12,0.41
Image_6644,384,32,3,6,12,9,0.71,23,2.0,13,0.03,0.78
Image_5944,384,32,3,40,57,48,2.85,16,1.43,3,0.24,0.32
Image_5940,384,32,3,78,79,78,13.21,46,1.01,8,0.41,0.34
Image_5939,384,32,3,83,133,108,18.67,76,1.6,4,0.89,0.57
Image_5938,384,32,3,57,88,72,6.97,40,1.54,5,0.14,0.48
Image_5936,384,32,3,54,69,62,2.19,30,1.28,2,0.1,0.3
Image_5934,384,32,3,61,84,72,7.26,40,1.38,11,0.39,0.54
Image_5933,384,32,3,79,44,62,6.98,30,1.8,6,0.32,0.55
Image_5932,384,32,3,99,64,82,4.21,50,1.55,1,0.05,0.39
Image_5931,384,32,3,86,137,112,8.67,80,1.59,7,2.8,0.95
Image_5930,384,32,3,65,71,68,2.72,36,1.09,7,0.33,0.58
Image_5929,384,32,3,32,57,44,3.11,12,1.78,10,0.15,0.3
Image_5926,384,32,3,42,73,58,1.05,26,1.74,2,0.16,0.47
Image_5925,384,32,3,138,98,118,19.77,86,1.41,1,0.05,0.5
Image_5924,384,32,3,101,103,102,6.4,70,1.02,8,0.94,0.41
Image_5923,384,32,3,81,68,74,3.3,42,1.19,9,0.4,0.57
Image_5922,384,32,3,26,36,31,0.94,1,1.38,16,0.31,0.6
Image_5921,384,32,3,51,76,64,1.82,32,1.49,0,0.0,0.37
Image_5918,384,32,3,72,53,62,3.25,30,1.36,0,0.0,0.46
Image_5917,384,32,3,53,74,64,1.57,32,1.4,4,0.24,0.56
Image_5915,384,32,3,49,56,52,2.87,20,1.14,3,0.19,0.41
Image_5602,384,32,3,54,74,64,1.57,32,1.37,5,0.19,0.44
Image_5601,384,32,3,54,74,64,1.67,32,1.37,7,0.24,0.53
Image_5600,384,32,3,21,24,22,1.05,10,1.14,17,0.1,0.46
Image_5598,384,32,3,58,79,68,1.71,36,1.36,9,0.28,0.5
Image_5596,384,32,3,35,49,42,4.73,10,1.4,3,0.08,0.4
Image_5595,384,32,3,69,92,80,4.59,48,1.33,7,0.82,0.47
Image_5594,384,32,3,60,77,68,2.89,36,1.28,9,0.37,0.65
Image_5593,384,32,3,49,65,57,3.83,25,1.33,9,0.28,0.52
Image_5592,384,32,3,37,21,29,1.18,3,1.76,14,0.13,0.42
Image_5591,384,32,3,65,47,56,2.98,24,1.38,6,0.16,0.41
Image_5590,384,32,3,74,102,88,7.77,56,1.38,1,0.06,0.33
Image_5588,384,32,3,36,42,39,2.51,7,1.17,0,0.0,0.37
Image_5587,384,32,3,57,72,64,2.1,32,1.26,7,0.3,0.53
Image_5585,384,32,3,44,59,52,3.3,20,1.34,9,0.22,0.44
Image_5584,384,32,3,37,27,32,3.11,0,1.37,14,0.21,0.44
Image_5583,384,32,3,52,68,60,2.11,28,1.31,1,0.07,0.36
Image_5582,384,32,3,37,38,38,2.05,6,1.03,17,0.56,0.22
Image_5581,384,32,3,72,101,86,4.3,54,1.4,3,0.55,0.58
Image_5580,384,32,3,42,48,45,1.94,13,1.14,4,0.09,0.51
Image_5576,384,32,3,44,48,46,4.38,14,1.09,6,0.08,0.54
Image_5575,384,32,3,69,73,71,3.01,39,1.06,5,0.67,0.41
Image_5574,384,32,3,20,21,20,1.09,12,1.05,32,0.26,0.52
Image_5573,384,32,3,42,43,42,2.25,10,1.02,0,0.0,0.28
Image_5572,384,32,3,60,96,78,7.49,46,1.6,8,5.33,0.69
Image_5571,384,32,3,51,65,58,1.59,26,1.27,1,0.05,0.4
Image_5568,384,32,3,38,49,44,9.86,12,1.29,2,0.07,0.37
Image_5567,384,32,3,45,41,43,6.13,11,1.1,2,0.04,0.38
Image_5566,384,32,3,60,74,67,9.57,35,1.23,7,0.26,0.26
Image_5563,384,32,3,17,12,14,2.03,18,1.42,55,0.22,0.68
Image_5390,384,32,3,84,53,68,10.3,36,1.58,6,0.71,0.33
Image_5386,384,32,3,51,77,64,1.97,32,1.51,2,0.16,0.36
Image_5382,384,32,3,48,65,56,2.34,24,1.35,1,0.12,0.5
Image_5380,384,32,3,94,76,85,6.04,53,1.24,7,2.8,0.44
Image_5378,384,32,3,76,73,74,2.42,42,1.04,5,0.77,0.55
Image_5376,384,32,3,100,77,88,6.25,56,1.3,10,2.86,0.64
Image_5375,384,32,3,100,79,90,7.9,58,1.27,1,0.05,0.41
Image_5372,384,32,3,57,47,52,5.72,20,1.21,3,0.11,0.41
Image_5371,384,32,3,53,52,52,3.28,20,1.02,4,0.1,0.3
Image_5369,384,32,3,42,50,46,5.72,14,1.19,7,0.36,0.35
Image_5368,384,32,3,26,24,25,1.72,7,1.08,1,0.01,0.47
Image_5367,384,32,3,19,31,25,0.47,7,1.63,14,0.09,0.45
Image_5366,384,32,3,26,37,32,1.56,0,1.42,7,0.11,0.42
Image_5364,384,32,3,49,56,52,2.57,20,1.14,6,0.2,0.4
Image_5363,384,32,3,31,40,36,3.71,4,1.29,5,0.16,0.33
Image_5361,384,32,3,29,43,36,4.15,4,1.48,6,0.28,0.36
Image_5360,384,32,3,29,40,34,2.55,2,1.38,8,0.11,0.37
Image_5359,384,32,3,17,24,20,0.64,12,1.41,9,0.21,0.51
Image_5358,384,32,3,55,73,64,3.13,32,1.33,7,0.22,0.45
Image_5149,384,32,3,25,32,28,2.16,4,1.28,12,0.12,0.51
Image_5143,384,32,3,23,45,34,8.85,2,1.96,16,0.2,0.59
Image_5142,384,32,3,22,29,26,3.27,6,1.32,8,0.04,0.52
Image_4970,384,32,3,35,46,40,1.87,8,1.31,8,0.22,0.42
Image_4969,384,32,3,38,28,33,5.18,1,1.36,17,0.13,0.41
Image_4967,384,32,3,65,99,82,3.4,50,1.52,5,0.2,0.58
Image_4966,384,32,3,60,83,72,6.22,40,1.38,22,0.9,0.26
Image_4965,384,32,3,75,120,98,17.03,66,1.6,9,1.38,0.55
Image_4964,384,32,3,41,55,48,8.38,16,1.34,7,0.12,0.32
Image_4963,384,32,3,19,31,25,2.49,7,1.63,45,0.17,0.51
Image_4962,384,32,3,37,41,39,5.26,7,1.11,11,0.27,0.44
Image_4961,384,32,3,10,17,14,1.97,18,1.7,85,0.19,0.67
Image_4960,384,32,3,59,84,72,19.51,40,1.42,7,0.31,0.36
Image_4959,384,32,3,38,62,50,1.65,18,1.63,4,0.15,0.37
Image_4958,384,32,3,44,60,52,11.44,20,1.36,24,0.17,0.43
Image_4957,384,32,3,26,35,30,9.81,2,1.35,1,0.01,0.42
Image_4956,384,32,3,27,45,36,7.56,4,1.67,6,0.06,0.48
Image_4955,384,32,3,35,46,40,9.02,8,1.31,3,0.02,0.34
Image_4954,384,32,3,43,66,54,9.37,22,1.53,11,0.59,0.46
Image_4953,384,32,3,30,52,41,7.53,9,1.73,5,0.09,0.41
Image_4952,384,32,3,19,23,21,3.12,11,1.21,36,0.13,0.5
Image_4951,384,32,3,22,19,20,3.11,12,1.16,42,0.2,0.63
Image_4950,384,32,3,41,54,48,11.93,16,1.32,3,0.08,0.43
Image_4949,384,32,3,24,35,30,3.76,2,1.46,10,0.09,0.51
Image_4948,384,32,3,81,140,110,17.37,78,1.73,16,6.4,0.66
Image_4947,384,32,3,20,35,28,3.65,4,1.75,58,0.22,0.48
Image_4946,384,32,3,40,56,48,12.03,16,1.4,4,0.06,0.36
Image_4945,384,32,3,33,44,38,1.26,6,1.33,2,0.05,0.4
Image_4944,384,32,3,24,32,28,4.51,4,1.33,13,0.21,0.52
Image_4943,384,32,3,42,64,53,2.46,21,1.52,7,0.1,0.43
Image_4942,384,32,3,49,78,64,2.21,32,1.59,8,0.16,0.38
Image_4941,384,32,3,31,42,36,3.71,4,1.35,13,0.07,0.34
Image_4940,384,32,3,53,98,76,5.22,44,1.85,2,0.07,0.36
Image_4939,384,32,3,70,95,82,16.33,50,1.36,7,0.52,0.42
Image_4938,384,32,3,26,51,38,9.32,6,1.96,7,0.14,0.42
Image_4933,384,32,3,77,59,68,8.67,36,1.31,6,0.12,0.39
Image_4924,384,32,3,36,59,48,4.56,16,1.64,1,0.02,0.46
Image_4923,384,32,3,39,59,49,4.47,17,1.51,7,0.29,0.39
Image_4908,384,32,3,42,74,58,7.45,26,1.76,9,0.58,0.31
Image_4904,384,32,3,60,86,73,9.72,41,1.43,10,6.67,0.29
Image_4903,384,32,3,56,73,64,3.09,32,1.3,0,0.0,0.39
Image_4885,384,32,3,51,41,46,6.71,14,1.24,1,0.08,0.76
Image_4875,384,32,3,57,74,66,4.85,34,1.3,6,0.13,0.54
Image_4874,384,32,3,43,66,54,5.17,22,1.53,4,0.06,0.41
Image_4502,384,32,3,23,312,168,3.28,136,13.57,9,0.72,0.59
Image_4501,384,32,3,20,321,170,5.21,138,16.05,7,0.61,0.69
Image_4500,384,32,3,44,351,198,8.12,166,7.98,4,0.89,0.86
Image_4497,384,32,3,24,301,162,11.72,130,12.54,5,0.53,0.91
Image_4496,384,32,3,27,337,182,10.04,150,12.48,22,0.62,0.84
Image_4494,384,32,3,14,285,150,11.98,118,20.36,8,0.23,0.64
Image_4493,384,32,3,19,308,164,2.21,132,16.21,13,2.36,0.92
Image_4409,384,32,3,48,80,64,13.0,32,1.67,1,0.1,0.73
Image_4407,384,32,3,20,39,30,18.12,2,1.95,14,0.25,0.37
Image_4406,384,32,3,13,27,20,11.5,12,2.08,0,0.0,0.47
Image_4296,384,32,3,59,67,63,3.89,31,1.14,1,0.03,0.31
Image_4286,384,32,3,17,27,22,4.13,10,1.59,120,0.26,0.52
Image_4175,384,32,3,78,126,102,4.58,70,1.62,8,0.59,0.69
Image_4170,384,32,3,29,119,74,5.58,42,4.1,7,0.25,0.47
Image_4123,384,32,3,69,61,65,10.97,33,1.13,6,0.8,0.36
Image_4122,384,32,3,68,111,90,16.9,58,1.63,1,0.09,0.55
Image_4121,384,32,3,69,108,88,7.0,56,1.57,1,0.09,0.65
Image_4120,384,32,3,43,56,50,3.53,18,1.3,11,0.31,0.33
Image_4119,384,32,3,78,112,95,2.49,63,1.44,10,4.0,0.41
Image_4116,384,32,3,59,80,70,4.25,38,1.36,17,0.52,0.65
Image_4115,384,32,3,39,72,56,4.39,24,1.85,4,0.89,0.61
Image_4113,384,32,3,40,57,48,4.57,16,1.43,1,0.03,0.55
Image_4111,384,32,3,35,42,38,2.94,6,1.2,1,0.04,0.46
Image_4110,384,32,3,132,52,92,17.65,60,2.54,8,1.78,0.37
Image_4089,384,32,3,31,60,46,1.33,14,1.94,19,0.24,0.43
Image_4088,384,32,3,46,59,52,4.74,20,1.28,1,0.04,0.39
Image_4087,384,32,3,40,31,36,0.71,4,1.29,14,0.11,0.45
Image_4086,384,32,3,53,75,64,2.4,32,1.42,1,0.07,0.35
Image_4085,384,32,3,26,36,31,1.44,1,1.38,6,0.06,0.43
Image_4084,384,32,3,44,57,50,6.06,18,1.3,1,0.07,0.51
Image_4083,384,32,3,54,54,54,1.32,22,1.0,39,0.7,0.27
Image_4082,384,32,3,28,22,25,1.78,7,1.27,16,0.13,0.49
Image_4079,384,32,3,44,61,52,3.18,20,1.39,3,0.14,0.25
Image_4078,384,32,3,32,52,42,3.92,10,1.62,4,0.07,0.38
Image_4077,384,32,3,17,34,26,4.73,6,2.0,16,0.07,0.41
Image_4074,384,32,3,48,62,55,2.63,23,1.29,3,0.15,0.3
Image_4073,384,32,3,65,60,62,5.03,30,1.08,2,0.07,0.33
Image_4072,384,32,3,65,86,76,4.11,44,1.32,3,0.21,0.46
Image_4069,384,32,3,35,26,30,2.89,2,1.35,3,0.02,0.36
Image_4068,384,32,3,71,99,85,4.99,53,1.39,6,1.33,0.54
Image_4067,384,32,3,38,52,45,2.07,13,1.37,6,0.16,0.32
Image_4066,384,32,3,72,98,85,4.13,53,1.36,0,0.0,0.44
Image_4065,384,32,3,51,40,46,4.7,14,1.27,1,0.03,0.45
Image_4063,384,32,3,57,57,57,3.93,25,1.0,4,0.53,0.32
Image_4062,384,32,3,15,25,20,4.78,12,1.67,74,0.21,0.53
Image_3697,384,32,3,149,108,128,8.06,96,1.38,1,0.1,0.81
Image_3696,384,32,3,146,126,136,6.6,104,1.16,3,0.55,0.79
Image_3694,384,32,3,57,86,72,4.52,40,1.51,10,0.41,0.38
Image_3693,384,32,3,44,54,49,2.17,17,1.23,0,0.0,0.29
Image_3651,384,32,3,89,114,102,8.77,70,1.28,7,1.56,0.75
Image_3650,384,32,3,47,81,64,9.85,32,1.72,5,0.53,0.64
Image_3645,384,32,3,45,49,47,8.12,15,1.09,3,0.05,0.53
Image_3644,384,32,3,63,61,62,17.41,30,1.03,2,0.17,0.53
Image_3501,384,32,3,30,41,36,6.66,4,1.37,3,0.05,0.4
Image_3500,384,32,3,51,70,60,4.19,28,1.37,0,0.0,0.4
Image_3494,384,32,3,85,53,69,4.23,37,1.6,16,0.74,0.42
Image_3342,384,32,3,72,112,92,3.12,60,1.56,0,0.0,0.48
Image_3341,384,32,3,52,57,54,2.28,22,1.1,4,0.12,0.22
Image_3339,384,32,3,67,94,80,5.02,48,1.4,17,2.0,0.2
Image_3329,384,32,3,15,10,12,2.06,20,1.5,123,0.41,0.72
Image_3310,384,32,3,40,50,45,1.94,13,1.25,3,0.11,0.25
Image_3309,384,32,3,49,80,64,4.99,32,1.63,7,0.74,0.22
Image_3284,384,32,3,80,92,86,18.34,54,1.15,2,0.14,0.4
Image_3283,384,32,3,31,32,32,9.74,0,1.03,4,0.1,0.41
Image_3282,384,32,3,57,63,60,10.84,28,1.11,4,0.15,0.33
Image_3281,384,32,3,90,57,74,14.73,42,1.58,10,1.82,0.28
Image_3279,384,32,3,44,59,52,7.88,20,1.34,1,0.04,0.38
Image_3278,384,32,3,55,41,48,4.52,16,1.34,33,0.52,0.61
Image_3275,384,32,3,80,72,76,5.56,44,1.11,7,0.36,0.49
Image_3271,384,32,3,96,102,99,12.29,67,1.06,23,0.52,0.64
Image_3270,384,32,3,68,80,74,7.03,42,1.18,3,0.18,0.37
Image_3268,384,32,3,68,77,72,11.06,40,1.13,5,0.34,0.46
Image_3160,384,32,3,89,93,91,7.13,59,1.04,8,1.45,0.56
Image_2956,384,32,3,81,46,64,12.53,32,1.76,6,0.31,0.55
Image_2955,384,32,3,39,31,35,3.12,3,1.26,24,0.29,0.36
Image_2954,384,32,3,47,78,62,0.88,30,1.66,7,0.15,0.48
Image_2952,384,32,3,28,59,44,3.1,12,2.11,22,0.48,0.28
Image_2951,384,32,3,39,68,54,1.05,22,1.74,7,0.93,0.22
Image_2949,384,32,3,87,37,62,2.86,30,2.35,1,0.04,0.44
Image_2948,384,32,3,80,78,79,3.24,47,1.03,7,1.56,0.37
Image_2947,384,32,3,51,60,56,1.97,24,1.18,9,0.2,0.38
Image_2946,384,32,3,72,63,68,12.06,36,1.14,4,0.47,0.4
Image_2945,384,32,3,75,52,64,1.33,32,1.44,0,0.0,0.48
Image_2944,384,32,3,37,59,48,7.86,16,1.59,25,0.57,0.31
Image_2943,384,32,3,58,60,59,1.65,27,1.03,10,0.51,0.36
Image_2942,384,32,3,48,48,48,1.03,16,1.0,11,0.76,0.19
Image_2941,384,32,3,86,82,84,10.9,52,1.05,8,0.84,0.57
Image_2939,384,32,3,24,32,28,4.29,4,1.33,17,0.48,0.36
Image_2938,384,32,3,79,68,74,15.61,42,1.16,1,0.12,0.64
Image_2937,384,32,3,44,44,44,12.12,12,1.0,13,0.2,0.37
Image_2936,384,32,3,84,54,69,12.91,37,1.56,12,1.04,0.41
Image_2935,384,32,3,83,41,62,2.41,30,2.02,6,0.8,0.38
Image_2933,384,32,3,53,36,44,10.11,12,1.47,38,0.46,0.55
Image_2932,384,32,3,94,54,74,11.58,42,1.74,12,0.89,0.34
Image_2931,384,32,3,59,49,54,26.1,22,1.2,19,0.3,0.53
Image_2930,384,32,3,35,46,40,4.48,8,1.31,5,0.09,0.47
Image_2929,384,32,3,37,35,36,2.45,4,1.06,26,0.5,0.38
Image_2927,384,32,3,30,46,38,4.29,6,1.53,1,0.02,0.42
Image_2926,384,32,3,94,53,74,6.51,42,1.77,8,0.48,0.35
Image_2924,384,32,3,47,45,46,2.54,14,1.04,15,0.38,0.25
Image_2923,384,32,3,53,34,44,8.82,12,1.56,49,1.31,0.32
Image_2922,384,32,3,75,66,70,14.52,38,1.14,3,0.18,0.35
Image_2921,384,32,3,67,55,61,12.4,29,1.22,9,0.49,0.32
Image_2920,384,32,3,40,79,60,10.44,28,1.98,2,0.13,0.64
Image_2918,384,32,3,47,49,48,1.7,16,1.04,19,0.43,0.55
Image_2916,384,32,3,17,18,18,2.78,14,1.06,55,0.37,0.51
Image_2915,384,32,3,45,48,46,3.97,14,1.07,20,0.48,0.35
Image_2914,384,32,3,33,76,54,3.09,22,2.3,12,0.73,0.15
Image_2913,384,32,3,69,72,70,7.9,38,1.04,12,3.43,0.52
Image_2912,384,32,3,34,36,35,1.03,3,1.06,10,0.16,0.37
Image_2910,384,32,3,49,177,113,1.35,81,3.61,5,0.53,0.61
Image_2908,384,32,3,44,53,48,4.41,16,1.2,1,0.03,0.35
Image_2248,384,32,3,38,56,47,2.96,15,1.47,8,0.13,0.38
Image_2225,384,32,3,94,109,102,13.89,70,1.16,5,0.34,0.49
Image_2209,384,32,3,100,148,124,8.56,92,1.48,4,0.53,0.6
Image_2203,384,32,3,64,100,82,8.41,50,1.56,11,0.96,0.37
Image_2195,384,32,3,122,115,118,8.88,86,1.06,2,0.17,0.7
Image_2177,384,32,3,79,128,104,7.82,72,1.62,6,0.28,0.42
Image_2165,384,32,3,81,104,92,3.98,60,1.28,5,0.17,0.48
Image_2155,384,32,3,101,95,98,3.77,66,1.06,0,0.0,0.63
Image_2152,384,32,3,72,127,100,26.52,68,1.76,8,0.55,0.42
Image_2142,384,32,3,76,87,82,15.41,50,1.14,3,0.09,0.48
Image_2141,384,32,3,83,109,96,7.47,64,1.31,6,1.09,0.38
Image_2138,384,32,3,53,83,68,7.41,36,1.57,13,0.79,0.34
Image_2140,384,32,3,77,73,75,17.72,43,1.05,0,0.0,0.49
Image_2051,384,32,3,102,56,79,9.09,47,1.82,1,0.06,0.71
Image_2036,384,32,3,76,51,64,4.55,32,1.49,1,0.04,0.79
Image_2035,384,32,3,108,40,74,5.26,42,2.7,3,0.1,0.81
Image_2026,384,32,3,83,58,70,4.52,38,1.43,4,0.2,0.88
Image_2019,384,32,3,119,81,100,5.13,68,1.47,9,0.38,0.85
Image_2018,384,32,3,34,73,54,4.33,22,2.15,19,0.22,0.71
Image_2011,384,32,3,55,35,45,2.34,13,1.57,43,0.35,0.65
Image_2009,384,32,3,29,22,26,0.94,6,1.32,271,0.58,0.76
Image_2008,384,32,3,51,46,48,2.13,16,1.11,39,0.48,0.72
Image_2007,384,32,3,41,36,38,13.34,6,1.14,2,0.02,0.6
Image_2005,384,32,3,31,24,28,0.47,4,1.29,179,0.56,0.77
Image_2004,384,32,3,35,22,28,1.89,4,1.59,259,0.53,0.72
Image_1493,384,32,3,17,28,22,1.32,10,1.65,41,1.55,0.29
Image_1463,384,32,3,31,37,34,6.78,2,1.19,9,0.17,0.34
Image_1461,384,32,3,15,23,19,1.67,13,1.53,51,1.05,0.39
Image_1456,384,32,3,15,21,18,2.32,14,1.4,16,0.09,0.55
Image_1130,384,32,3,15,10,12,1.7,20,1.5,22,0.56,0.9
Image_1106,384,32,3,31,28,30,5.92,2,1.11,11,0.29,0.52
Image_998,384,32,3,34,42,38,2.51,6,1.24,9,0.58,0.48
Image_996,384,32,3,59,78,68,8.63,36,1.32,7,0.61,0.48
Image_993,384,32,3,59,75,67,11.75,35,1.27,7,0.67,0.25
Image_991,384,32,3,18,29,24,1.05,8,1.61,8,0.08,0.63
Image_990,384,32,3,19,27,23,0.94,9,1.42,28,0.2,0.68
Image_989,384,32,3,27,82,54,8.61,22,3.04,6,0.09,0.47
Image_988,384,32,3,57,114,86,2.34,54,2.0,0,0.0,0.43
Image_985,384,32,3,30,46,38,6.6,6,1.53,16,0.43,0.57
Image_907,384,32,3,48,125,86,11.0,54,2.6,6,0.17,0.59
Image_906,384,32,3,13,28,20,3.02,12,2.15,171,2.65,0.48
Image_701,384,32,3,40,73,56,2.83,24,1.82,2,0.03,0.4
Image_693,384,32,3,61,84,72,2.03,40,1.38,5,0.22,0.51
Image_680,384,32,3,53,145,99,4.26,67,2.74,2,0.19,0.53
Image_349,384,32,3,51,100,76,2.28,44,1.96,13,0.49,0.43
Image_342,384,32,3,49,64,56,21.39,24,1.31,18,0.4,0.47
Image_336,384,32,3,35,45,40,4.14,8,1.29,183,0.92,0.95
Image_330,384,32,3,84,111,98,8.1,66,1.32,14,0.35,0.6
Image_317,384,32,3,16,25,20,3.57,12,1.56,4,0.38,0.54
Image_313,384,32,3,83,125,104,10.78,72,1.51,8,0.25,0.55
Image_293,384,32,3,45,72,58,6.54,26,1.6,3,0.07,0.41
Image_291,384,32,3,54,99,76,11.11,44,1.83,7,0.93,0.48
Image_286,384,32,3,53,87,70,13.14,38,1.64,1,0.09,0.48
Image_2,384,32,3,50,82,66,1.94,34,1.64,1,0.13,0.46
Image_7645,384,48,3,43,145,94,5.91,46,3.37,17,0.54,0.78
Image_7095,384,48,3,35,116,76,3.4,28,3.31,26,0.34,0.57
Image_7661,384,48,3,30,41,36,3.7,12,1.37,16,0.3,0.51
Image_7662,384,48,3,47,35,41,3.97,7,1.34,6,0.16,0.48
Image_6661,384,48,3,11,12,12,0.71,36,1.09,62,0.2,0.68
Image_6660,384,48,3,279,30,154,2.16,106,9.3,15,0.59,0.85
Image_6659,384,48,3,40,323,182,2.49,134,8.07,6,0.39,0.77
Image_6658,384,48,3,15,9,12,1.7,36,1.67,29,0.07,0.69
Image_6657,384,48,3,25,25,25,7.83,23,1.0,39,0.46,0.44
Image_6656,384,48,3,29,30,30,2.13,18,1.03,12,0.14,0.36
Image_6655,384,48,3,9,73,41,1.47,7,8.11,174,2.62,0.4
Image_6653,384,48,3,17,21,19,1.48,29,1.24,38,0.11,0.53
Image_6652,384,48,3,41,79,60,1.73,12,1.93,8,0.31,0.31
Image_6651,384,48,3,40,151,96,5.4,48,3.77,6,0.44,0.75
Image_6650,384,48,3,75,90,82,4.31,34,1.2,14,2.15,0.28
Image_6649,384,48,3,17,46,32,18.54,16,2.71,12,0.12,0.45
Image_6648,384,48,3,20,19,20,1.09,28,1.05,7,0.13,0.65
Image_6645,384,48,3,34,32,33,2.78,15,1.06,3,0.09,0.34
Image_6644,384,48,3,6,12,9,0.71,39,2.0,71,0.12,0.8
Image_5944,384,48,3,40,57,48,2.85,0,1.43,0,0.0,0.43
Image_5940,384,48,3,78,79,78,13.21,30,1.01,4,0.17,0.42
Image_5939,384,48,3,83,133,108,18.67,60,1.6,0,0.0,0.56
Image_5938,384,48,3,57,88,72,6.97,24,1.54,3,0.11,0.45
Image_5936,384,48,3,54,69,62,2.19,14,1.28,3,0.19,0.28
Image_5934,384,48,3,61,84,72,7.26,24,1.38,7,0.29,0.47
Image_5933,384,48,3,79,44,62,6.98,14,1.8,7,0.36,0.56
Image_5932,384,48,3,99,64,82,4.21,34,1.55,2,0.09,0.34
Image_5931,384,48,3,86,137,112,8.67,64,1.59,2,0.27,0.61
Image_5930,384,48,3,65,71,68,2.72,20,1.09,15,0.51,0.63
Image_5929,384,48,3,32,57,44,3.11,4,1.78,7,0.1,0.33
Image_5926,384,48,3,42,73,58,1.05,10,1.74,1,0.11,0.43
Image_5925,384,48,3,138,98,118,19.77,70,1.41,6,0.36,0.39
Image_5924,384,48,3,101,103,102,6.4,54,1.02,3,0.22,0.4
Image_5923,384,48,3,81,68,74,3.3,26,1.19,9,0.4,0.57
Image_5922,384,48,3,26,36,31,0.94,17,1.38,11,0.24,0.59
Image_5921,384,48,3,51,76,64,1.82,16,1.49,0,0.0,0.39
Image_5918,384,48,3,72,53,62,3.25,14,1.36,1,0.09,0.46
Image_5917,384,48,3,53,74,64,1.57,16,1.4,3,0.19,0.59
Image_5915,384,48,3,49,56,52,2.87,4,1.14,6,0.32,0.5
Image_5602,384,48,3,54,74,64,1.57,16,1.37,27,0.56,0.67
Image_5601,384,48,3,54,74,64,1.67,16,1.37,13,0.37,0.61
Image_5600,384,48,3,21,24,22,1.05,26,1.14,5,0.03,0.46
Image_5598,384,48,3,58,79,68,1.71,20,1.36,8,0.25,0.48
Image_5596,384,48,3,35,49,42,4.73,6,1.4,8,0.25,0.39
Image_5595,384,48,3,69,92,80,4.59,32,1.33,1,0.07,0.48
Image_5594,384,48,3,60,77,68,2.89,20,1.28,11,0.42,0.66
Image_5593,384,48,3,49,65,57,3.83,9,1.33,24,0.51,0.67
Image_5592,384,48,3,37,21,29,1.18,19,1.76,3,0.03,0.41
Image_5591,384,48,3,65,47,56,2.98,8,1.38,14,0.3,0.5
Image_5590,384,48,3,74,102,88,7.77,40,1.38,4,0.19,0.44
Image_5588,384,48,3,36,42,39,2.51,9,1.17,8,0.14,0.45
Image_5587,384,48,3,57,72,64,2.1,16,1.26,28,0.63,0.74
Image_5585,384,48,3,44,59,52,3.3,4,1.34,22,0.4,0.56
Image_5584,384,48,3,37,27,32,3.11,16,1.37,7,0.12,0.44
Image_5583,384,48,3,52,68,60,2.11,12,1.31,2,0.14,0.39
Image_5582,384,48,3,37,38,38,2.05,10,1.03,11,0.3,0.35
Image_5581,384,48,3,72,101,86,4.3,38,1.4,2,0.31,0.56
Image_5580,384,48,3,42,48,45,1.94,3,1.14,16,0.27,0.56
Image_5576,384,48,3,44,48,46,4.38,2,1.09,7,0.09,0.53
Image_5575,384,48,3,69,73,71,3.01,23,1.06,3,0.32,0.47
Image_5574,384,48,3,20,21,20,1.09,28,1.05,8,0.08,0.45
Image_5573,384,48,3,42,43,42,2.25,6,1.02,0,0.0,0.29
Image_5572,384,48,3,60,96,78,7.49,30,1.6,6,1.71,0.41
Image_5571,384,48,3,51,65,58,1.59,10,1.27,13,0.39,0.61
Image_5568,384,48,3,38,49,44,9.86,4,1.29,1,0.03,0.43
Image_5567,384,48,3,45,41,43,6.13,5,1.1,3,0.06,0.37
Image_5566,384,48,3,60,74,67,9.57,19,1.23,6,0.15,0.36
Image_5563,384,48,3,17,12,14,2.03,34,1.42,53,0.22,0.69
Image_5390,384,48,3,84,53,68,10.3,20,1.58,0,0.0,0.43
Image_5386,384,48,3,51,77,64,1.97,16,1.51,2,0.12,0.39
Image_5382,384,48,3,48,65,56,2.34,8,1.35,2,0.17,0.56
Image_5380,384,48,3,94,76,85,6.04,37,1.24,1,0.1,0.48
Image_5378,384,48,3,76,73,74,2.42,26,1.04,5,0.3,0.58
Image_5376,384,48,3,100,77,88,6.25,40,1.3,1,0.07,0.62
Image_5375,384,48,3,100,79,90,7.9,42,1.27,0,0.0,0.4
Image_5372,384,48,3,57,47,52,5.72,4,1.21,2,0.06,0.41
Image_5371,384,48,3,53,52,52,3.28,4,1.02,0,0.0,0.35
Image_5369,384,48,3,42,50,46,5.72,2,1.19,0,0.0,0.42
Image_5368,384,48,3,26,24,25,1.72,23,1.08,10,0.07,0.47
Image_5367,384,48,3,19,31,25,0.47,23,1.63,9,0.06,0.45
Image_5366,384,48,3,26,37,32,1.56,16,1.42,2,0.04,0.36
Image_5364,384,48,3,49,56,52,2.57,4,1.14,4,0.15,0.41
Image_5363,384,48,3,31,40,36,3.71,12,1.29,3,0.09,0.37
Image_5361,384,48,3,29,43,36,4.15,12,1.48,6,0.28,0.35
Image_5360,384,48,3,29,40,34,2.55,14,1.38,4,0.06,0.36
Image_5359,384,48,3,17,24,20,0.64,28,1.41,5,0.13,0.49
Image_5358,384,48,3,55,73,64,3.13,16,1.33,18,0.41,0.54
Image_5149,384,48,3,25,32,28,2.16,20,1.28,8,0.08,0.52
Image_5143,384,48,3,23,45,34,8.85,14,1.96,16,0.2,0.57
Image_5142,384,48,3,22,29,26,3.27,22,1.32,41,0.17,0.55
Image_4970,384,48,3,35,46,40,1.87,8,1.31,2,0.05,0.49
Image_4969,384,48,3,38,28,33,5.18,15,1.36,14,0.11,0.44
Image_4967,384,48,3,65,99,82,3.4,34,1.52,2,0.11,0.52
Image_4966,384,48,3,60,83,72,6.22,24,1.38,3,0.07,0.42
Image_4965,384,48,3,75,120,98,17.03,50,1.6,6,0.63,0.61
Image_4964,384,48,3,41,55,48,8.38,0,1.34,2,0.04,0.33
Image_4963,384,48,3,19,31,25,2.49,23,1.63,57,0.21,0.5
Image_4962,384,48,3,37,41,39,5.26,9,1.11,4,0.12,0.38
Image_4961,384,48,3,10,17,14,1.97,34,1.7,126,0.26,0.7
Image_4960,384,48,3,59,84,72,19.51,24,1.42,3,0.09,0.49
Image_4959,384,48,3,38,62,50,1.65,2,1.63,6,0.16,0.49
Image_4958,384,48,3,44,60,52,11.44,4,1.36,3,0.02,0.38
Image_4957,384,48,3,26,35,30,9.81,18,1.35,14,0.13,0.46
Image_4956,384,48,3,27,45,36,7.56,12,1.67,0,0.0,0.46
Image_4955,384,48,3,35,46,40,9.02,8,1.31,3,0.02,0.34
Image_4954,384,48,3,43,66,54,9.37,6,1.53,6,0.26,0.5
Image_4953,384,48,3,30,52,41,7.53,7,1.73,6,0.1,0.42
Image_4952,384,48,3,19,23,21,3.12,27,1.21,14,0.05,0.5
Image_4951,384,48,3,22,19,20,3.11,28,1.16,18,0.1,0.62
Image_4950,384,48,3,41,54,48,11.93,0,1.32,10,0.23,0.5
Image_4949,384,48,3,24,35,30,3.76,18,1.46,7,0.07,0.49
Image_4948,384,48,3,81,140,110,17.37,62,1.73,11,1.47,0.6
Image_4947,384,48,3,20,35,28,3.65,20,1.75,58,0.22,0.49
Image_4946,384,48,3,40,56,48,12.03,0,1.4,3,0.04,0.4
Image_4945,384,48,3,33,44,38,1.26,10,1.33,3,0.07,0.47
Image_4944,384,48,3,24,32,28,4.51,20,1.33,17,0.26,0.57
Image_4943,384,48,3,42,64,53,2.46,5,1.52,5,0.07,0.44
Image_4942,384,48,3,49,78,64,2.21,16,1.59,12,0.27,0.36
Image_4941,384,48,3,31,42,36,3.71,12,1.35,5,0.03,0.32
Image_4940,384,48,3,53,98,76,5.22,28,1.85,2,0.07,0.38
Image_4939,384,48,3,70,95,82,16.33,34,1.36,2,0.11,0.48
Image_4938,384,48,3,26,51,38,9.32,10,1.96,11,0.16,0.52
Image_4933,384,48,3,77,59,68,8.67,20,1.31,1,0.02,0.43
Image_4924,384,48,3,36,59,48,4.56,0,1.64,2,0.03,0.47
Image_4923,384,48,3,39,59,49,4.47,1,1.51,1,0.03,0.46
Image_4908,384,48,3,42,74,58,7.45,10,1.76,10,0.69,0.34
Image_4904,384,48,3,60,86,73,9.72,25,1.43,4,0.53,0.3
Image_4903,384,48,3,56,73,64,3.09,16,1.3,8,0.3,0.48
Image_4885,384,48,3,51,41,46,6.71,2,1.24,2,0.15,0.75
Image_4875,384,48,3,57,74,66,4.85,18,1.3,15,0.27,0.56
Image_4874,384,48,3,43,66,54,5.17,6,1.53,15,0.18,0.45
Image_4502,384,48,3,23,312,168,3.28,120,13.57,17,0.44,0.67
Image_4501,384,48,3,20,321,170,5.21,122,16.05,8,0.3,0.74
Image_4500,384,48,3,44,351,198,8.12,150,7.98,2,0.19,0.71
Image_4497,384,48,3,24,301,162,11.72,114,12.54,15,0.51,0.82
Image_4496,384,48,3,27,337,182,10.04,134,12.48,144,0.91,0.93
Image_4494,384,48,3,14,285,150,11.98,102,20.36,28,0.51,0.69
Image_4493,384,48,3,19,308,164,2.21,116,16.21,2,0.12,0.76
Image_4409,384,48,3,48,80,64,13.0,16,1.67,9,0.49,0.79
Image_4407,384,48,3,20,39,30,18.12,18,1.95,14,0.25,0.36
Image_4406,384,48,3,13,27,20,11.5,28,2.08,1,0.09,0.47
Image_4296,384,48,3,59,67,63,3.89,15,1.14,1,0.03,0.37
Image_4286,384,48,3,17,27,22,4.13,26,1.59,60,0.15,0.49
Image_4175,384,48,3,78,126,102,4.58,54,1.62,8,0.59,0.7
Image_4170,384,48,3,29,119,74,5.58,26,4.1,16,0.32,0.6
Image_4123,384,48,3,69,61,65,10.97,17,1.13,3,0.29,0.41
Image_4122,384,48,3,68,111,90,16.9,42,1.63,4,0.24,0.57
Image_4121,384,48,3,69,108,88,7.0,40,1.57,2,0.16,0.65
Image_4120,384,48,3,43,56,50,3.53,2,1.3,2,0.04,0.44
Image_4119,384,48,3,78,112,95,2.49,47,1.44,5,0.67,0.43
Image_4116,384,48,3,59,80,70,4.25,22,1.36,3,0.16,0.49
Image_4115,384,48,3,39,72,56,4.39,8,1.85,4,0.89,0.64
Image_4113,384,48,3,40,57,48,4.57,0,1.43,18,0.32,0.64
Image_4111,384,48,3,35,42,38,2.94,10,1.2,5,0.17,0.56
Image_4110,384,48,3,132,52,92,17.65,44,2.54,0,0.0,0.49
Image_4089,384,48,3,31,60,46,1.33,2,1.94,13,0.18,0.43
Image_4088,384,48,3,46,59,52,4.74,4,1.28,6,0.17,0.47
Image_4087,384,48,3,40,31,36,0.71,12,1.29,1,0.01,0.42
Image_4086,384,48,3,53,75,64,2.4,16,1.42,2,0.14,0.42
Image_4085,384,48,3,26,36,31,1.44,17,1.38,6,0.06,0.44
Image_4084,384,48,3,44,57,50,6.06,2,1.3,6,0.32,0.57
Image_4083,384,48,3,54,54,54,1.32,6,1.0,36,0.62,0.29
Image_4082,384,48,3,28,22,25,1.78,23,1.27,8,0.08,0.43
Image_4079,384,48,3,44,61,52,3.18,4,1.39,3,0.11,0.35
Image_4078,384,48,3,32,52,42,3.92,6,1.62,9,0.18,0.38
Image_4077,384,48,3,17,34,26,4.73,22,2.0,16,0.08,0.36
Image_4074,384,48,3,48,62,55,2.63,7,1.29,13,0.36,0.56
Image_4073,384,48,3,65,60,62,5.03,14,1.08,8,0.24,0.39
Image_4072,384,48,3,65,86,76,4.11,28,1.32,1,0.08,0.44
Image_4069,384,48,3,35,26,30,2.89,18,1.35,0,0.0,0.39
Image_4068,384,48,3,71,99,85,4.99,37,1.39,2,0.16,0.54
Image_4067,384,48,3,38,52,45,2.07,3,1.37,0,0.0,0.42
Image_4066,384,48,3,72,98,85,4.13,37,1.36,1,0.12,0.45
Image_4065,384,48,3,51,40,46,4.7,2,1.27,7,0.16,0.49
Image_4063,384,48,3,57,57,57,3.93,9,1.0,2,0.15,0.44
Image_4062,384,48,3,15,25,20,4.78,28,1.67,81,0.23,0.53
Image_3697,384,48,3,149,108,128,8.06,80,1.38,6,0.34,0.75
Image_3696,384,48,3,146,126,136,6.6,88,1.16,7,0.45,0.82
Image_3694,384,48,3,57,86,72,4.52,24,1.51,1,0.03,0.48
Image_3693,384,48,3,44,54,49,2.17,1,1.23,5,0.16,0.27
Image_3651,384,48,3,89,114,102,8.77,54,1.28,1,0.1,0.67
Image_3650,384,48,3,47,81,64,9.85,16,1.72,3,0.26,0.61
Image_3645,384,48,3,45,49,47,8.12,1,1.09,12,0.25,0.47
Image_3644,384,48,3,63,61,62,17.41,14,1.03,1,0.08,0.53
Image_3501,384,48,3,30,41,36,6.66,12,1.37,3,0.05,0.37
Image_3500,384,48,3,51,70,60,4.19,12,1.37,3,0.16,0.44
Image_3494,384,48,3,85,53,69,4.23,21,1.6,6,0.14,0.53
Image_3342,384,48,3,72,112,92,3.12,44,1.56,3,0.32,0.4
Image_3341,384,48,3,52,57,54,2.28,6,1.1,10,0.38,0.18
Image_3339,384,48,3,67,94,80,5.02,32,1.4,14,1.22,0.22
Image_3329,384,48,3,15,10,12,2.06,36,1.5,61,0.25,0.71
Image_3310,384,48,3,40,50,45,1.94,3,1.25,6,0.24,0.21
Image_3309,384,48,3,49,80,64,4.99,16,1.63,3,0.22,0.3
Image_3284,384,48,3,80,92,86,18.34,38,1.15,1,0.06,0.36
Image_3283,384,48,3,31,32,32,9.74,16,1.03,0,0.0,0.37
Image_3282,384,48,3,57,63,60,10.84,12,1.11,1,0.03,0.35
Image_3281,384,48,3,90,57,74,14.73,26,1.58,4,0.35,0.38
Image_3279,384,48,3,44,59,52,7.88,4,1.34,3,0.15,0.34
Image_3278,384,48,3,55,41,48,4.52,0,1.34,7,0.19,0.49
Image_3275,384,48,3,80,72,76,5.56,28,1.11,6,0.32,0.48
Image_3271,384,48,3,96,102,99,12.29,51,1.06,15,0.41,0.59
Image_3270,384,48,3,68,80,74,7.03,26,1.18,1,0.05,0.33
Image_3268,384,48,3,68,77,72,11.06,24,1.13,1,0.05,0.48
Image_3160,384,48,3,89,93,91,7.13,43,1.04,2,0.13,0.55
Image_2956,384,48,3,81,46,64,12.53,16,1.76,5,0.16,0.57
Image_2955,384,48,3,39,31,35,3.12,13,1.26,5,0.05,0.43
Image_2954,384,48,3,47,78,62,0.88,14,1.66,3,0.08,0.43
Image_2952,384,48,3,28,59,44,3.1,4,2.11,5,0.07,0.43
Image_2951,384,48,3,39,68,54,1.05,6,1.74,3,0.17,0.43
Image_2949,384,48,3,87,37,62,2.86,14,2.35,23,0.48,0.6
Image_2948,384,48,3,80,78,79,3.24,31,1.03,0,0.0,0.49
Image_2947,384,48,3,51,60,56,1.97,8,1.18,1,0.03,0.33
Image_2946,384,48,3,72,63,68,12.06,20,1.14,1,0.07,0.51
Image_2945,384,48,3,75,52,64,1.33,16,1.44,5,0.26,0.53
Image_2944,384,48,3,37,59,48,7.86,0,1.59,3,0.05,0.39
Image_2943,384,48,3,58,60,59,1.65,11,1.03,4,0.12,0.45
Image_2942,384,48,3,48,48,48,1.03,0,1.0,5,0.24,0.3
Image_2941,384,48,3,86,82,84,10.9,36,1.05,3,0.15,0.62
Image_2939,384,48,3,24,32,28,4.29,20,1.33,14,0.36,0.39
Image_2938,384,48,3,79,68,74,15.61,26,1.16,1,0.1,0.65
Image_2937,384,48,3,44,44,44,12.12,4,1.0,33,0.73,0.31
Image_2936,384,48,3,84,54,69,12.91,21,1.56,8,0.25,0.53
Image_2935,384,48,3,83,41,62,2.41,14,2.02,0,0.0,0.47
Image_2933,384,48,3,53,36,44,10.11,4,1.47,7,0.13,0.47
Image_2932,384,48,3,94,54,74,11.58,26,1.74,7,0.22,0.51
Image_2931,384,48,3,59,49,54,26.1,6,1.2,5,0.1,0.45
Image_2930,384,48,3,35,46,40,4.48,8,1.31,9,0.13,0.51
Image_2929,384,48,3,37,35,36,2.45,12,1.06,7,0.1,0.49
Image_2927,384,48,3,30,46,38,4.29,10,1.53,0,0.0,0.41
Image_2926,384,48,3,94,53,74,6.51,26,1.77,10,0.29,0.52
Image_2924,384,48,3,47,45,46,2.54,2,1.04,3,0.06,0.32
Image_2923,384,48,3,53,34,44,8.82,4,1.56,29,0.5,0.38
Image_2922,384,48,3,75,66,70,14.52,22,1.14,0,0.0,0.38
Image_2921,384,48,3,67,55,61,12.4,13,1.22,1,0.04,0.38
Image_2920,384,48,3,40,79,60,10.44,12,1.98,10,0.43,0.68
Image_2918,384,48,3,47,49,48,1.7,0,1.04,12,0.32,0.52
Image_2916,384,48,3,17,18,18,2.78,30,1.06,51,0.34,0.52
Image_2915,384,48,3,45,48,46,3.97,2,1.07,3,0.05,0.44
Image_2914,384,48,3,33,76,54,3.09,6,2.3,2,0.07,0.38
Image_2913,384,48,3,69,72,70,7.9,22,1.04,7,0.82,0.54
Image_2912,384,48,3,34,36,35,1.03,13,1.06,1,0.01,0.42
Image_2910,384,48,3,49,177,113,1.35,65,3.61,9,0.38,0.66
Image_2908,384,48,3,44,53,48,4.41,0,1.2,0,0.0,0.36
Image_2248,384,48,3,38,56,47,2.96,1,1.47,12,0.18,0.46
Image_2225,384,48,3,94,109,102,13.89,54,1.16,0,0.0,0.57
Image_2209,384,48,3,100,148,124,8.56,76,1.48,2,0.21,0.61
Image_2203,384,48,3,64,100,82,8.41,34,1.56,3,0.15,0.42
Image_2195,384,48,3,122,115,118,8.88,70,1.06,4,0.42,0.68
Image_2177,384,48,3,79,128,104,7.82,56,1.62,2,0.08,0.46
Image_2165,384,48,3,81,104,92,3.98,44,1.28,11,0.31,0.52
Image_2155,384,48,3,101,95,98,3.77,50,1.06,4,0.18,0.63
Image_2152,384,48,3,72,127,100,26.52,52,1.76,5,0.29,0.38
Image_2142,384,48,3,76,87,82,15.41,34,1.14,3,0.08,0.47
Image_2141,384,48,3,83,109,96,7.47,48,1.31,1,0.1,0.44
Image_2138,384,48,3,53,83,68,7.41,20,1.57,6,0.26,0.41
Image_2140,384,48,3,77,73,75,17.72,27,1.05,5,0.19,0.51
Image_2051,384,48,3,102,56,79,9.09,31,1.82,6,0.28,0.66
Image_2036,384,48,3,76,51,64,4.55,16,1.49,5,0.15,0.77
Image_2035,384,48,3,108,40,74,5.26,26,2.7,13,0.31,0.79
Image_2026,384,48,3,83,58,70,4.52,22,1.43,7,0.3,0.85
Image_2019,384,48,3,119,81,100,5.13,52,1.47,16,0.52,0.83
Image_2018,384,48,3,34,73,54,4.33,6,2.15,29,0.3,0.7
Image_2011,384,48,3,55,35,45,2.34,3,1.57,53,0.4,0.69
Image_2009,384,48,3,29,22,26,0.94,22,1.32,316,0.61,0.77
Image_2008,384,48,3,51,46,48,2.13,0,1.11,77,0.64,0.8
Image_2007,384,48,3,41,36,38,13.34,10,1.14,46,0.3,0.67
Image_2005,384,48,3,31,24,28,0.47,20,1.29,195,0.58,0.78
Image_2004,384,48,3,35,22,28,1.89,20,1.59,253,0.53,0.73
Image_1493,384,48,3,17,28,22,1.32,26,1.65,52,3.35,0.27
Image_1463,384,48,3,31,37,34,6.78,14,1.19,12,0.25,0.31
Image_1461,384,48,3,15,23,19,1.67,29,1.53,69,2.26,0.37
Image_1456,384,48,3,15,21,18,2.32,30,1.4,60,0.48,0.49
Image_1130,384,48,3,15,10,12,1.7,36,1.5,22,0.56,0.92
Image_1106,384,48,3,31,28,30,5.92,18,1.11,2,0.04,0.65
Image_998,384,48,3,34,42,38,2.51,10,1.24,1,0.04,0.6
Image_996,384,48,3,59,78,68,8.63,20,1.32,1,0.06,0.55
Image_993,384,48,3,59,75,67,11.75,19,1.27,5,0.4,0.36
Image_991,384,48,3,18,29,24,1.05,24,1.61,18,0.16,0.66
Image_990,384,48,3,19,27,23,0.94,25,1.42,2,0.02,0.64
Image_989,384,48,3,27,82,54,8.61,6,3.04,4,0.05,0.52
Image_988,384,48,3,57,114,86,2.34,38,2.0,4,0.24,0.46
Image_985,384,48,3,30,46,38,6.6,10,1.53,13,0.2,0.66
Image_907,384,48,3,48,125,86,11.0,38,2.6,13,0.31,0.67
Image_906,384,48,3,13,28,20,3.02,28,2.15,10,0.04,0.62
Image_701,384,48,3,40,73,56,2.83,8,1.82,9,0.13,0.45
Image_693,384,48,3,61,84,72,2.03,24,1.38,4,0.19,0.5
Image_680,384,48,3,53,145,99,4.26,51,2.74,6,0.32,0.58
Image_349,384,48,3,51,100,76,2.28,28,1.96,8,0.25,0.47
Image_342,384,48,3,49,64,56,21.39,8,1.31,6,0.1,0.51
Image_336,384,48,3,35,45,40,4.14,8,1.29,140,0.89,0.93
Image_330,384,48,3,84,111,98,8.1,50,1.32,30,0.54,0.69
Image_317,384,48,3,16,25,20,3.57,28,1.56,5,0.26,0.69
Image_313,384,48,3,83,125,104,10.78,56,1.51,31,0.57,0.68
Image_293,384,48,3,45,72,58,6.54,10,1.6,15,0.27,0.47
Image_291,384,48,3,54,99,76,11.11,28,1.83,4,0.38,0.45
Image_286,384,48,3,53,87,70,13.14,22,1.64,6,0.36,0.55
Image_2,384,48,3,50,82,66,1.94,18,1.64,2,0.31,0.4
Image_7645,384,64,3,43,145,94,5.91,30,3.37,26,0.64,0.79
Image_7095,384,64,3,35,116,76,3.4,12,3.31,33,0.4,0.56
Image_7661,384,64,3,30,41,36,3.7,28,1.37,15,0.29,0.48
Image_7662,384,64,3,47,35,41,3.97,23,1.34,4,0.12,0.44
Image_6661,384,64,3,11,12,12,0.71,52,1.09,67,0.22,0.67
Image_6660,384,64,3,279,30,154,2.16,90,9.3,5,0.32,0.87
Image_6659,384,64,3,40,323,182,2.49,118,8.07,6,0.39,0.76
Image_6658,384,64,3,15,9,12,1.7,52,1.67,168,0.32,0.79
Image_6657,384,64,3,25,25,25,7.83,39,1.0,12,0.11,0.45
Image_6656,384,64,3,29,30,30,2.13,34,1.03,9,0.08,0.38
Image_6655,384,64,3,9,73,41,1.47,23,8.11,33,0.12,0.56
Image_6653,384,64,3,17,21,19,1.48,45,1.24,13,0.04,0.51
Image_6652,384,64,3,41,79,60,1.73,4,1.93,3,0.1,0.31
Image_6651,384,64,3,40,151,96,5.4,32,3.77,4,0.26,0.7
Image_6650,384,64,3,75,90,82,4.31,18,1.2,12,1.41,0.25
Image_6649,384,64,3,17,46,32,18.54,32,2.71,4,0.04,0.51
Image_6648,384,64,3,20,19,20,1.09,44,1.05,9,0.23,0.6
Image_6645,384,64,3,34,32,33,2.78,31,1.06,1,0.03,0.36
Image_6644,384,64,3,6,12,9,0.71,55,2.0,116,0.19,0.81
Image_5944,384,64,3,40,57,48,2.85,16,1.43,2,0.15,0.41
Image_5940,384,64,3,78,79,78,13.21,14,1.01,12,0.77,0.35
Image_5939,384,64,3,83,133,108,18.67,44,1.6,5,1.43,0.64
Image_5938,384,64,3,57,88,72,6.97,8,1.54,9,0.4,0.41
Image_5936,384,64,3,54,69,62,2.19,2,1.28,10,1.18,0.24
Image_5934,384,64,3,61,84,72,7.26,8,1.38,0,0.0,0.45
Image_5933,384,64,3,79,44,62,6.98,2,1.8,1,0.07,0.49
Image_5932,384,64,3,99,64,82,4.21,18,1.55,3,0.17,0.35
Image_5931,384,64,3,86,137,112,8.67,48,1.59,5,1.11,0.75
Image_5930,384,64,3,65,71,68,2.72,4,1.09,1,0.06,0.6
Image_5929,384,64,3,32,57,44,3.11,20,1.78,28,0.58,0.28
Image_5926,384,64,3,42,73,58,1.05,6,1.74,2,0.24,0.39
Image_5925,384,64,3,138,98,118,19.77,54,1.41,13,1.37,0.29
Image_5924,384,64,3,101,103,102,6.4,38,1.02,9,1.2,0.26
Image_5923,384,64,3,81,68,74,3.3,10,1.19,0,0.0,0.47
Image_5922,384,64,3,26,36,31,0.94,33,1.38,14,0.28,0.61
Image_5921,384,64,3,51,76,64,1.82,0,1.49,8,0.36,0.36
Image_5918,384,64,3,72,53,62,3.25,2,1.36,4,0.47,0.48
Image_5917,384,64,3,53,74,64,1.57,0,1.4,2,0.19,0.54
Image_5915,384,64,3,49,56,52,2.87,12,1.14,0,0.0,0.45
Image_5602,384,64,3,54,74,64,1.57,0,1.37,10,0.32,0.53
Image_5601,384,64,3,54,74,64,1.67,0,1.37,7,0.24,0.54
Image_5600,384,64,3,21,24,22,1.05,42,1.14,13,0.1,0.41
Image_5598,384,64,3,58,79,68,1.71,4,1.36,23,0.49,0.63
Image_5596,384,64,3,35,49,42,4.73,22,1.4,2,0.05,0.44
Image_5595,384,64,3,69,92,80,4.59,16,1.33,1,0.07,0.54
Image_5594,384,64,3,60,77,68,2.89,4,1.28,14,0.47,0.67
Image_5593,384,64,3,49,65,57,3.83,7,1.33,5,0.18,0.47
Image_5592,384,64,3,37,21,29,1.18,35,1.76,10,0.1,0.41
Image_5591,384,64,3,65,47,56,2.98,8,1.38,12,0.27,0.48
Image_5590,384,64,3,74,102,88,7.77,24,1.38,1,0.05,0.45
Image_5588,384,64,3,36,42,39,2.51,25,1.17,21,0.3,0.49
Image_5587,384,64,3,57,72,64,2.1,0,1.26,10,0.38,0.58
Image_5585,384,64,3,44,59,52,3.3,12,1.34,15,0.32,0.51
Image_5584,384,64,3,37,27,32,3.11,32,1.37,11,0.18,0.5
Image_5583,384,64,3,52,68,60,2.11,4,1.31,2,0.19,0.33
Image_5582,384,64,3,37,38,38,2.05,26,1.03,15,0.46,0.25
Image_5581,384,64,3,72,101,86,4.3,22,1.4,2,0.31,0.6
Image_5580,384,64,3,42,48,45,1.94,19,1.14,12,0.22,0.54
Image_5576,384,64,3,44,48,46,4.38,18,1.09,13,0.16,0.55
Image_5575,384,64,3,69,73,71,3.01,7,1.06,5,0.67,0.48
Image_5574,384,64,3,20,21,20,1.09,44,1.05,17,0.16,0.49
Image_5573,384,64,3,42,43,42,2.25,22,1.02,3,0.13,0.24
Image_5572,384,64,3,60,96,78,7.49,14,1.6,7,2.8,0.39
Image_5571,384,64,3,51,65,58,1.59,6,1.27,6,0.23,0.5
Image_5568,384,64,3,38,49,44,9.86,20,1.29,13,0.3,0.49
Image_5567,384,64,3,45,41,43,6.13,21,1.1,6,0.13,0.35
Image_5566,384,64,3,60,74,67,9.57,3,1.23,4,0.14,0.27
Image_5563,384,64,3,17,12,14,2.03,50,1.42,35,0.16,0.67
Image_5390,384,64,3,84,53,68,10.3,4,1.58,5,0.53,0.32
Image_5386,384,64,3,51,77,64,1.97,0,1.51,2,0.16,0.37
Image_5382,384,64,3,48,65,56,2.34,8,1.35,2,0.17,0.6
Image_5380,384,64,3,94,76,85,6.04,21,1.24,1,0.12,0.44
Image_5378,384,64,3,76,73,74,2.42,10,1.04,1,0.1,0.55
Image_5376,384,64,3,100,77,88,6.25,24,1.3,3,0.29,0.54
Image_5375,384,64,3,100,79,90,7.9,26,1.27,5,0.37,0.35
Image_5372,384,64,3,57,47,52,5.72,12,1.21,13,0.7,0.28
Image_5371,384,64,3,53,52,52,3.28,12,1.02,20,0.82,0.19
Image_5369,384,64,3,42,50,46,5.72,18,1.19,3,0.13,0.43
Image_5368,384,64,3,26,24,25,1.72,39,1.08,13,0.09,0.46
Image_5367,384,64,3,19,31,25,0.47,39,1.63,28,0.16,0.47
Image_5366,384,64,3,26,37,32,1.56,32,1.42,1,0.02,0.43
Image_5364,384,64,3,49,56,52,2.57,12,1.14,7,0.23,0.43
Image_5363,384,64,3,31,40,36,3.71,28,1.29,4,0.13,0.33
Image_5361,384,64,3,29,43,36,4.15,28,1.48,9,0.49,0.29
Image_5360,384,64,3,29,40,34,2.55,30,1.38,2,0.03,0.38
Image_5359,384,64,3,17,24,20,0.64,44,1.41,3,0.1,0.48
Image_5358,384,64,3,55,73,64,3.13,0,1.33,4,0.14,0.41
Image_5149,384,64,3,25,32,28,2.16,36,1.28,17,0.18,0.51
Image_5143,384,64,3,23,45,34,8.85,30,1.96,17,0.21,0.6
Image_5142,384,64,3,22,29,26,3.27,38,1.32,15,0.08,0.49
Image_4970,384,64,3,35,46,40,1.87,24,1.31,6,0.12,0.54
Image_4969,384,64,3,38,28,33,5.18,31,1.36,21,0.16,0.46
Image_4967,384,64,3,65,99,82,3.4,18,1.52,3,0.18,0.52
Image_4966,384,64,3,60,83,72,6.22,8,1.38,17,0.58,0.33
Image_4965,384,64,3,75,120,98,17.03,34,1.6,5,0.48,0.6
Image_4964,384,64,3,41,55,48,8.38,16,1.34,18,0.26,0.47
Image_4963,384,64,3,19,31,25,2.49,39,1.63,44,0.17,0.5
Image_4962,384,64,3,37,41,39,5.26,25,1.11,4,0.12,0.39
Image_4961,384,64,3,10,17,14,1.97,50,1.7,64,0.15,0.66
Image_4960,384,64,3,59,84,72,19.51,8,1.42,6,0.26,0.37
Image_4959,384,64,3,38,62,50,1.65,14,1.63,0,0.0,0.49
Image_4958,384,64,3,44,60,52,11.44,12,1.36,7,0.06,0.4
Image_4957,384,64,3,26,35,30,9.81,34,1.35,29,0.24,0.49
Image_4956,384,64,3,27,45,36,7.56,28,1.67,18,0.15,0.5
Image_4955,384,64,3,35,46,40,9.02,24,1.31,9,0.06,0.37
Image_4954,384,64,3,43,66,54,9.37,10,1.53,1,0.03,0.63
Image_4953,384,64,3,30,52,41,7.53,23,1.73,15,0.23,0.46
Image_4952,384,64,3,19,23,21,3.12,43,1.21,73,0.23,0.55
Image_4951,384,64,3,22,19,20,3.11,44,1.16,44,0.21,0.64
Image_4950,384,64,3,41,54,48,11.93,16,1.32,10,0.23,0.53
Image_4949,384,64,3,24,35,30,3.76,34,1.46,11,0.1,0.52
Image_4948,384,64,3,81,140,110,17.37,46,1.73,10,1.18,0.57
Image_4947,384,64,3,20,35,28,3.65,36,1.75,64,0.24,0.49
Image_4946,384,64,3,40,56,48,12.03,16,1.4,12,0.2,0.34
Image_4945,384,64,3,33,44,38,1.26,26,1.33,5,0.11,0.48
Image_4944,384,64,3,24,32,28,4.51,36,1.33,27,0.35,0.62
Image_4943,384,64,3,42,64,53,2.46,11,1.52,26,0.28,0.51
Image_4942,384,64,3,49,78,64,2.21,0,1.59,20,0.55,0.33
Image_4941,384,64,3,31,42,36,3.71,28,1.35,16,0.08,0.37
Image_4940,384,64,3,53,98,76,5.22,12,1.85,12,0.62,0.26
Image_4939,384,64,3,70,95,82,16.33,18,1.36,2,0.11,0.49
Image_4938,384,64,3,26,51,38,9.32,26,1.96,20,0.25,0.53
Image_4933,384,64,3,77,59,68,8.67,4,1.31,2,0.04,0.43
Image_4924,384,64,3,36,59,48,4.56,16,1.64,8,0.11,0.52
Image_4923,384,64,3,39,59,49,4.47,15,1.51,1,0.03,0.5
Image_4908,384,64,3,42,74,58,7.45,6,1.76,9,0.58,0.38
Image_4904,384,64,3,60,86,73,9.72,9,1.43,4,0.53,0.33
Image_4903,384,64,3,56,73,64,3.09,0,1.3,2,0.1,0.4
Image_4885,384,64,3,51,41,46,6.71,18,1.24,2,0.15,0.74
Image_4875,384,64,3,57,74,66,4.85,2,1.3,12,0.23,0.55
Image_4874,384,64,3,43,66,54,5.17,10,1.53,25,0.27,0.47
Image_4502,384,64,3,23,312,168,3.28,104,13.57,19,0.47,0.72
Image_4501,384,64,3,20,321,170,5.21,106,16.05,15,0.45,0.79
Image_4500,384,64,3,44,351,198,8.12,134,7.98,4,0.32,0.79
Image_4497,384,64,3,24,301,162,11.72,98,12.54,36,0.71,0.83
Image_4496,384,64,3,27,337,182,10.04,118,12.48,92,0.87,0.92
Image_4494,384,64,3,14,285,150,11.98,86,20.36,70,0.73,0.79
Image_4493,384,64,3,19,308,164,2.21,100,16.21,8,0.3,0.8
Image_4409,384,64,3,48,80,64,13.0,0,1.67,11,0.54,0.75
Image_4407,384,64,3,20,39,30,18.12,34,1.95,12,0.15,0.48
Image_4406,384,64,3,13,27,20,11.5,44,2.08,1,0.07,0.59
Image_4296,384,64,3,59,67,63,3.89,1,1.14,3,0.08,0.39
Image_4286,384,64,3,17,27,22,4.13,42,1.59,59,0.15,0.48
Image_4175,384,64,3,78,126,102,4.58,38,1.62,5,0.3,0.72
Image_4170,384,64,3,29,119,74,5.58,10,4.1,16,0.32,0.6
Image_4123,384,64,3,69,61,65,10.97,1,1.13,1,0.07,0.54
Image_4122,384,64,3,68,111,90,16.9,26,1.63,2,0.19,0.6
Image_4121,384,64,3,69,108,88,7.0,24,1.57,8,0.43,0.68
Image_4120,384,64,3,43,56,50,3.53,14,1.3,20,0.3,0.53
Image_4119,384,64,3,78,112,95,2.49,31,1.44,5,0.67,0.37
Image_4116,384,64,3,59,80,70,4.25,6,1.36,0,0.0,0.47
Image_4115,384,64,3,39,72,56,4.39,8,1.85,2,0.31,0.7
Image_4113,384,64,3,40,57,48,4.57,16,1.43,24,0.39,0.64
Image_4111,384,64,3,35,42,38,2.94,26,1.2,10,0.29,0.63
Image_4110,384,64,3,132,52,92,17.65,28,2.54,7,1.27,0.3
Image_4089,384,64,3,31,60,46,1.33,18,1.94,18,0.23,0.44
Image_4088,384,64,3,46,59,52,4.74,12,1.28,1,0.04,0.43
Image_4087,384,64,3,40,31,36,0.71,28,1.29,16,0.12,0.47
Image_4086,384,64,3,53,75,64,2.4,0,1.42,2,0.19,0.37
Image_4085,384,64,3,26,36,31,1.44,33,1.38,9,0.12,0.39
Image_4084,384,64,3,44,57,50,6.06,14,1.3,1,0.07,0.51
Image_4083,384,64,3,54,54,54,1.32,10,1.0,35,0.59,0.3
Image_4082,384,64,3,28,22,25,1.78,39,1.27,9,0.09,0.41
Image_4079,384,64,3,44,61,52,3.18,12,1.39,5,0.26,0.25
Image_4078,384,64,3,32,52,42,3.92,22,1.62,0,0.0,0.42
Image_4077,384,64,3,17,34,26,4.73,38,2.0,52,0.31,0.31
Image_4074,384,64,3,48,62,55,2.63,9,1.29,3,0.11,0.41
Image_4073,384,64,3,65,60,62,5.03,2,1.08,1,0.04,0.28
Image_4072,384,64,3,65,86,76,4.11,12,1.32,2,0.21,0.44
Image_4069,384,64,3,35,26,30,2.89,34,1.35,15,0.11,0.4
Image_4068,384,64,3,71,99,85,4.99,21,1.39,4,0.62,0.43
Image_4067,384,64,3,38,52,45,2.07,19,1.37,1,0.02,0.38
Image_4066,384,64,3,72,98,85,4.13,21,1.36,3,0.46,0.49
Image_4065,384,64,3,51,40,46,4.7,18,1.27,2,0.06,0.43
Image_4063,384,64,3,57,57,57,3.93,7,1.0,6,1.09,0.27
Image_4062,384,64,3,15,25,20,4.78,44,1.67,0,0.0,0.48
Image_3697,384,64,3,149,108,128,8.06,64,1.38,1,0.1,0.75
Image_3696,384,64,3,146,126,136,6.6,72,1.16,6,0.41,0.86
Image_3694,384,64,3,57,86,72,4.52,8,1.51,3,0.1,0.44
Image_3693,384,64,3,44,54,49,2.17,15,1.23,7,0.24,0.22
Image_3651,384,64,3,89,114,102,8.77,38,1.28,6,1.09,0.64
Image_3650,384,64,3,47,81,64,9.85,0,1.72,8,1.23,0.69
Image_3645,384,64,3,45,49,47,8.12,17,1.09,18,0.42,0.49
Image_3644,384,64,3,63,61,62,17.41,2,1.03,7,1.08,0.63
Image_3501,384,64,3,30,41,36,6.66,28,1.37,1,0.02,0.4
Image_3500,384,64,3,51,70,60,4.19,4,1.37,2,0.15,0.38
Image_3494,384,64,3,85,53,69,4.23,5,1.6,5,0.15,0.47
Image_3342,384,64,3,72,112,92,3.12,28,1.56,1,0.07,0.48
Image_3341,384,64,3,52,57,54,2.28,10,1.1,3,0.09,0.31
Image_3339,384,64,3,67,94,80,5.02,16,1.4,12,0.89,0.33
Image_3329,384,64,3,15,10,12,2.06,52,1.5,91,0.34,0.75
Image_3310,384,64,3,40,50,45,1.94,19,1.25,10,0.47,0.15
Image_3309,384,64,3,49,80,64,4.99,0,1.63,4,0.32,0.23
Image_3284,384,64,3,80,92,86,18.34,22,1.15,5,0.43,0.31
Image_3283,384,64,3,31,32,32,9.74,32,1.03,8,0.18,0.49
Image_3282,384,64,3,57,63,60,10.84,4,1.11,3,0.11,0.34
Image_3281,384,64,3,90,57,74,14.73,10,1.58,4,0.35,0.38
Image_3279,384,64,3,44,59,52,7.88,12,1.34,4,0.21,0.33
Image_3278,384,64,3,55,41,48,4.52,16,1.34,18,0.37,0.57
Image_3275,384,64,3,80,72,76,5.56,12,1.11,12,0.49,0.6
Image_3271,384,64,3,96,102,99,12.29,35,1.06,10,0.32,0.59
Image_3270,384,64,3,68,80,74,7.03,10,1.18,5,0.34,0.34
Image_3268,384,64,3,68,77,72,11.06,8,1.13,1,0.05,0.52
Image_3160,384,64,3,89,93,91,7.13,27,1.04,3,0.29,0.52
Image_2956,384,64,3,81,46,64,12.53,0,1.76,7,0.38,0.52
Image_2955,384,64,3,39,31,35,3.12,29,1.26,17,0.14,0.47
Image_2954,384,64,3,47,78,62,0.88,2,1.66,19,0.33,0.55
Image_2952,384,64,3,28,59,44,3.1,20,2.11,3,0.05,0.38
Image_2951,384,64,3,39,68,54,1.05,10,1.74,1,0.06,0.41
Image_2949,384,64,3,87,37,62,2.86,2,2.35,11,0.31,0.51
Image_2948,384,64,3,80,78,79,3.24,15,1.03,6,1.09,0.33
Image_2947,384,64,3,51,60,56,1.97,8,1.18,1,0.03,0.34
Image_2946,384,64,3,72,63,68,12.06,4,1.14,5,0.67,0.37
Image_2945,384,64,3,75,52,64,1.33,0,1.44,6,0.29,0.56
Image_2944,384,64,3,37,59,48,7.86,16,1.59,0,0.0,0.4
Image_2943,384,64,3,58,60,59,1.65,5,1.03,11,0.59,0.31
Image_2942,384,64,3,48,48,48,1.03,16,1.0,7,0.38,0.3
Image_2941,384,64,3,86,82,84,10.9,20,1.05,5,0.22,0.72
Image_2939,384,64,3,24,32,28,4.29,36,1.33,13,0.33,0.38
Image_2938,384,64,3,79,68,74,15.61,10,1.16,1,0.12,0.57
Image_2937,384,64,3,44,44,44,12.12,20,1.0,31,0.65,0.29
Image_2936,384,64,3,84,54,69,12.91,5,1.56,3,0.15,0.44
Image_2935,384,64,3,83,41,62,2.41,2,2.02,1,0.08,0.48
Image_2933,384,64,3,53,36,44,10.11,20,1.47,56,0.55,0.63
Image_2932,384,64,3,94,54,74,11.58,10,1.74,10,0.65,0.3
Image_2931,384,64,3,59,49,54,26.1,10,1.2,4,0.08,0.44
Image_2930,384,64,3,35,46,40,4.48,24,1.31,14,0.19,0.54
Image_2929,384,64,3,37,35,36,2.45,28,1.06,4,0.05,0.48
Image_2927,384,64,3,30,46,38,4.29,26,1.53,13,0.36,0.35
Image_2926,384,64,3,94,53,74,6.51,10,1.77,1,0.04,0.42
Image_2924,384,64,3,47,45,46,2.54,18,1.04,13,0.19,0.44
Image_2923,384,64,3,53,34,44,8.82,20,1.56,34,0.65,0.4
Image_2922,384,64,3,75,66,70,14.52,6,1.14,6,0.44,0.26
Image_2921,384,64,3,67,55,61,12.4,3,1.22,6,0.28,0.32
Image_2920,384,64,3,40,79,60,10.44,4,1.98,6,0.31,0.65
Image_2918,384,64,3,47,49,48,1.7,16,1.04,11,0.3,0.5
Image_2916,384,64,3,17,18,18,2.78,46,1.06,3,0.02,0.54
Image_2915,384,64,3,45,48,46,3.97,18,1.07,24,0.64,0.38
Image_2914,384,64,3,33,76,54,3.09,10,2.3,0,0.0,0.32
Image_2913,384,64,3,69,72,70,7.9,6,1.04,11,2.44,0.43
Image_2912,384,64,3,34,36,35,1.03,29,1.06,2,0.03,0.42
Image_2910,384,64,3,49,177,113,1.35,49,3.61,5,0.26,0.66
Image_2908,384,64,3,44,53,48,4.41,16,1.2,5,0.18,0.33
Image_2248,384,64,3,38,56,47,2.96,17,1.47,4,0.07,0.41
Image_2225,384,64,3,94,109,102,13.89,38,1.16,5,0.34,0.51
Image_2209,384,64,3,100,148,124,8.56,60,1.48,3,0.35,0.6
Image_2203,384,64,3,64,100,82,8.41,18,1.56,3,0.15,0.48
Image_2195,384,64,3,122,115,118,8.88,54,1.06,4,0.42,0.68
Image_2177,384,64,3,79,128,104,7.82,40,1.62,6,0.28,0.41
Image_2165,384,64,3,81,104,92,3.98,28,1.28,4,0.14,0.45
Image_2155,384,64,3,101,95,98,3.77,34,1.06,5,0.37,0.56
Image_2152,384,64,3,72,127,100,26.52,36,1.76,10,0.8,0.34
Image_2142,384,64,3,76,87,82,15.41,18,1.14,2,0.05,0.5
Image_2141,384,64,3,83,109,96,7.47,32,1.31,4,0.53,0.38
Image_2138,384,64,3,53,83,68,7.41,4,1.57,12,0.69,0.33
Image_2140,384,64,3,77,73,75,17.72,11,1.05,2,0.1,0.46
Image_2051,384,64,3,102,56,79,9.09,15,1.82,4,0.21,0.65
Image_2036,384,64,3,76,51,64,4.55,0,1.49,4,0.17,0.73
Image_2035,384,64,3,108,40,74,5.26,10,2.7,8,0.22,0.78
Image_2026,384,64,3,83,58,70,4.52,6,1.43,2,0.14,0.83
Image_2019,384,64,3,119,81,100,5.13,36,1.47,12,0.45,0.82
Image_2018,384,64,3,34,73,54,4.33,10,2.15,31,0.31,0.68
Image_2011,384,64,3,55,35,45,2.34,19,1.57,70,0.47,0.7
Image_2009,384,64,3,29,22,26,0.94,38,1.32,202,0.5,0.75
Image_2008,384,64,3,51,46,48,2.13,16,1.11,48,0.53,0.79
Image_2007,384,64,3,41,36,38,13.34,26,1.14,57,0.34,0.66
Image_2005,384,64,3,31,24,28,0.47,36,1.29,136,0.49,0.77
Image_2004,384,64,3,35,22,28,1.89,36,1.59,174,0.43,0.72
Image_1493,384,64,3,17,28,22,1.32,42,1.65,49,2.65,0.29
Image_1463,384,64,3,31,37,34,6.78,30,1.19,0,0.0,0.34
Image_1461,384,64,3,15,23,19,1.67,45,1.53,50,1.01,0.38
Image_1456,384,64,3,15,21,18,2.32,46,1.4,28,0.18,0.5
Image_1130,384,64,3,15,10,12,1.7,52,1.5,55,0.47,0.89
Image_1106,384,64,3,31,28,30,5.92,34,1.11,25,0.34,0.67
Image_998,384,64,3,34,42,38,2.51,26,1.24,5,0.17,0.62
Image_996,384,64,3,59,78,68,8.63,4,1.32,1,0.05,0.62
Image_993,384,64,3,59,75,67,11.75,3,1.27,1,0.05,0.5
Image_991,384,64,3,18,29,24,1.05,40,1.61,70,0.43,0.72
Image_990,384,64,3,19,27,23,0.94,41,1.42,58,0.34,0.71
Image_989,384,64,3,27,82,54,8.61,10,3.04,5,0.07,0.5
Image_988,384,64,3,57,114,86,2.34,22,2.0,10,0.44,0.56
Image_985,384,64,3,30,46,38,6.6,26,1.53,19,0.26,0.68
Image_907,384,64,3,48,125,86,11.0,22,2.6,25,0.46,0.73
Image_906,384,64,3,13,28,20,3.02,44,2.15,55,0.3,0.61
Image_701,384,64,3,40,73,56,2.83,8,1.82,10,0.14,0.48
Image_693,384,64,3,61,84,72,2.03,8,1.38,2,0.1,0.46
Image_680,384,64,3,53,145,99,4.26,35,2.74,4,0.24,0.54
Image_349,384,64,3,51,100,76,2.28,12,1.96,4,0.11,0.48
Image_342,384,64,3,49,64,56,21.39,8,1.31,1,0.02,0.52
Image_336,384,64,3,35,45,40,4.14,24,1.29,101,0.86,0.91
Image_330,384,64,3,84,111,98,8.1,34,1.32,13,0.34,0.6
Image_317,384,64,3,16,25,20,3.57,44,1.56,22,0.6,0.81
Image_313,384,64,3,83,125,104,10.78,40,1.51,30,0.56,0.69
Image_293,384,64,3,45,72,58,6.54,6,1.6,9,0.18,0.44
Image_291,384,64,3,54,99,76,11.11,12,1.83,8,1.23,0.61
Image_286,384,64,3,53,87,70,13.14,6,1.64,6,0.36,0.57
Image_2,384,64,3,50,82,66,1.94,2,1.64,6,0.41,0.6
