image_name,resized_size,patch_size,kernel_dim,Avg_ref_h,Avg_ref_z,mean_box_size,std_size,diff_patch_mbs,aspect_ratio,mae,mre,qual_score,f1_otm,f1_gmns,f1_hdbscan
Image_7645,384,24,3,43,145,94,5.91,70,3.37,23,0.61,0.75,0.549,0.549,0.324
Image_7095,384,24,3,35,116,76,3.4,52,3.31,21,0.29,0.56,0.732,0.743,0.074
Image_7661,384,24,3,30,41,36,3.7,12,1.37,18,0.33,0.53,0.8,0.8,0.0
Image_7662,384,24,3,47,35,41,3.97,17,1.34,11,0.27,0.54,0.845,0.845,0.118
Image_6661,384,24,3,11,12,12,0.71,12,1.09,72,0.24,0.67,0.868,0.835,0.033
Image_6660,384,24,3,279,30,154,2.16,130,9.3,5,0.32,0.92,0.125,0.0,0.4
Image_6659,384,24,3,40,323,182,2.49,158,8.07,2,0.17,0.8,0.429,0.308,0.381
Image_6658,384,24,3,15,9,12,1.7,12,1.67,0,0.0,0.65,0.524,0.273,0.0
Image_6657,384,24,3,25,25,25,7.83,1,1.0,13,0.12,0.56,0.737,0.595,0.074
Image_6656,384,24,3,29,30,30,2.13,6,1.03,13,0.11,0.46,0.939,0.924,0.039
Image_6655,384,24,3,9,73,41,1.47,17,8.11,100,0.71,0.49,0.313,0.357,0.0
Image_6653,384,24,3,17,21,19,1.48,5,1.24,21,0.06,0.54,0.947,0.923,0.025
Image_6652,384,24,3,41,79,60,1.73,36,1.93,9,0.21,0.45,0.88,0.849,0.417
Image_6651,384,24,3,40,151,96,5.4,72,3.77,1,0.05,0.76,0.743,0.655,0.399
Image_6650,384,24,3,75,90,82,4.31,58,1.2,7,0.52,0.35,0.788,0.788,0.571
Image_6649,384,24,3,17,46,32,18.54,8,2.71,47,0.76,0.38,0.652,0.607,0.053
Image_6648,384,24,3,20,19,20,1.09,4,1.05,7,0.17,0.63,0.854,0.878,0.08
Image_6645,384,24,3,34,32,33,2.78,9,1.06,10,0.22,0.46,0.878,0.878,0.105
Image_6644,384,24,3,6,12,9,0.71,15,2.0,51,0.09,0.79,0.683,0.629,0.042
Image_5944,384,24,3,40,57,48,2.85,24,1.43,0,0.0,0.44,1.0,0.8,0.125
Image_5940,384,24,3,78,79,78,13.21,54,1.01,2,0.08,0.41,0.923,0.902,0.2
Image_5939,384,24,3,83,133,108,18.67,84,1.6,2,0.19,0.63,0.889,0.889,0.48
Image_5938,384,24,3,57,88,72,6.97,48,1.54,21,0.4,0.55,0.747,0.747,0.121
Image_5936,384,24,3,54,69,62,2.19,38,1.28,1,0.05,0.37,0.973,0.973,0.5
Image_5934,384,24,3,61,84,72,7.26,48,1.38,11,0.39,0.54,0.756,0.756,0.343
Image_5933,384,24,3,79,44,62,6.98,38,1.8,11,0.47,0.63,0.686,0.647,0.364
Image_5932,384,24,3,99,64,82,4.21,58,1.55,13,0.39,0.46,0.755,0.755,0.519
Image_5931,384,24,3,86,137,112,8.67,88,1.59,1,0.1,0.73,0.947,0.889,0.941
Image_5930,384,24,3,65,71,68,2.72,44,1.09,22,0.6,0.68,0.56,0.56,0.261
Image_5929,384,24,3,32,57,44,3.11,20,1.78,15,0.16,0.44,0.897,0.877,0.051
Image_5926,384,24,3,42,73,58,1.05,34,1.74,0,0.0,0.52,1.0,0.947,0.333
Image_5925,384,24,3,138,98,118,19.77,94,1.41,8,0.26,0.56,0.824,0.846,0.308
Image_5924,384,24,3,101,103,102,6.4,78,1.02,11,0.4,0.57,0.744,0.744,0.316
Image_5923,384,24,3,81,68,74,3.3,50,1.19,21,0.61,0.66,0.553,0.553,0.519
Image_5922,384,24,3,26,36,31,0.94,7,1.38,17,0.32,0.65,0.805,0.776,0.167
Image_5921,384,24,3,51,76,64,1.82,40,1.49,18,0.37,0.52,0.769,0.769,0.125
Image_5918,384,24,3,72,53,62,3.25,38,1.36,3,0.19,0.54,0.846,0.8,0.577
Image_5917,384,24,3,53,74,64,1.57,40,1.4,7,0.36,0.61,0.774,0.774,0.364
Image_5915,384,24,3,49,56,52,2.87,28,1.14,6,0.32,0.56,0.8,0.8,0.286
Image_5602,384,24,3,54,74,64,1.57,40,1.37,14,0.39,0.53,0.75,0.75,0.615
Image_5601,384,24,3,54,74,64,1.67,40,1.37,9,0.29,0.52,0.83,0.83,0.593
Image_5600,384,24,3,21,24,22,1.05,2,1.14,21,0.12,0.49,0.931,0.914,0.013
Image_5598,384,24,3,58,79,68,1.71,44,1.36,29,0.55,0.65,0.613,0.613,0.16
Image_5596,384,24,3,35,49,42,4.73,18,1.4,12,0.23,0.52,0.87,0.87,0.095
Image_5595,384,24,3,69,92,80,4.59,56,1.33,0,0.0,0.54,0.929,0.889,0.5
Image_5594,384,24,3,60,77,68,2.89,44,1.28,27,0.64,0.74,0.526,0.526,0.393
Image_5593,384,24,3,49,65,57,3.83,33,1.33,15,0.39,0.53,0.754,0.754,0.577
Image_5592,384,24,3,37,21,29,1.18,5,1.76,26,0.22,0.49,0.877,0.872,0.021
Image_5591,384,24,3,65,47,56,2.98,32,1.38,26,0.44,0.56,0.711,0.711,0.306
Image_5590,384,24,3,74,102,88,7.77,64,1.38,7,0.29,0.47,0.769,0.8,0.798
Image_5588,384,24,3,36,42,39,2.51,15,1.17,25,0.34,0.53,0.797,0.797,0.115
Image_5587,384,24,3,57,72,64,2.1,40,1.26,13,0.44,0.56,0.711,0.711,0.612
Image_5585,384,24,3,44,59,52,3.3,28,1.34,29,0.47,0.58,0.688,0.688,0.176
Image_5584,384,24,3,37,27,32,3.11,8,1.37,25,0.33,0.54,0.803,0.774,0.136
Image_5583,384,24,3,52,68,60,2.11,36,1.31,3,0.19,0.46,0.889,0.889,0.909
Image_5582,384,24,3,37,38,38,2.05,14,1.03,9,0.23,0.38,0.894,0.894,0.259
Image_5581,384,24,3,72,101,86,4.3,62,1.4,8,0.48,0.71,0.667,0.667,0.4
Image_5580,384,24,3,42,48,45,1.94,21,1.14,23,0.35,0.59,0.785,0.785,0.091
Image_5576,384,24,3,44,48,46,4.38,22,1.09,27,0.29,0.58,0.825,0.825,0.058
Image_5575,384,24,3,69,73,71,3.01,47,1.06,3,0.32,0.55,0.857,0.857,0.865
Image_5574,384,24,3,20,21,20,1.09,4,1.05,29,0.24,0.52,0.861,0.861,0.138
Image_5573,384,24,3,42,43,42,2.25,18,1.02,5,0.16,0.4,0.912,0.912,0.143
Image_5572,384,24,3,60,96,78,7.49,54,1.6,2,0.27,0.49,0.875,0.875,0.714
Image_5571,384,24,3,51,65,58,1.59,34,1.27,8,0.28,0.48,0.833,0.833,0.863
Image_5568,384,24,3,38,49,44,9.86,20,1.29,13,0.3,0.54,0.822,0.806,0.154
Image_5567,384,24,3,45,41,43,6.13,19,1.1,26,0.34,0.53,0.797,0.797,0.038
Image_5566,384,24,3,60,74,67,9.57,43,1.23,3,0.08,0.35,0.909,0.925,0.39
Image_5563,384,24,3,17,12,14,2.03,10,1.42,50,0.21,0.69,0.873,0.875,0.083
Image_5390,384,24,3,84,53,68,10.3,44,1.58,1,0.07,0.46,0.926,0.926,0.353
Image_5386,384,24,3,51,77,64,1.97,40,1.51,3,0.17,0.46,0.903,0.903,0.667
Image_5382,384,24,3,48,65,56,2.34,32,1.35,5,0.34,0.63,0.783,0.727,0.577
Image_5380,384,24,3,94,76,85,6.04,61,1.24,5,1.11,0.35,0.615,0.615,1.0
Image_5378,384,24,3,76,73,74,2.42,50,1.04,3,0.21,0.6,0.88,0.88,0.308
Image_5376,384,24,3,100,77,88,6.25,64,1.3,1,0.08,0.6,0.96,0.96,0.96
Image_5375,384,24,3,100,79,90,7.9,66,1.27,17,0.48,0.57,0.679,0.679,0.435
Image_5372,384,24,3,57,47,52,5.72,28,1.21,7,0.18,0.46,0.899,0.899,0.488
Image_5371,384,24,3,53,52,52,3.28,28,1.02,2,0.04,0.36,0.978,0.943,0.37
Image_5369,384,24,3,42,50,46,5.72,22,1.19,2,0.07,0.44,0.963,0.943,0.207
Image_5368,384,24,3,26,24,25,1.72,1,1.08,15,0.09,0.51,0.916,0.93,0.026
Image_5367,384,24,3,19,31,25,0.47,1,1.63,4,0.03,0.47,0.903,0.956,0.026
Image_5366,384,24,3,26,37,32,1.56,8,1.42,7,0.11,0.42,0.933,0.915,0.294
Image_5364,384,24,3,49,56,52,2.57,28,1.14,16,0.41,0.52,0.742,0.742,0.659
Image_5363,384,24,3,31,40,36,3.71,12,1.29,1,0.03,0.44,0.941,0.892,0.108
Image_5361,384,24,3,29,43,36,4.15,12,1.48,3,0.12,0.43,0.788,0.922,0.138
Image_5360,384,24,3,29,40,34,2.55,10,1.38,21,0.24,0.46,0.861,0.861,0.194
Image_5359,384,24,3,17,24,20,0.64,4,1.41,9,0.21,0.57,0.88,0.88,0.114
Image_5358,384,24,3,55,73,64,3.13,40,1.33,25,0.5,0.6,0.667,0.667,0.214
Image_5149,384,24,3,25,32,28,2.16,4,1.28,17,0.18,0.53,0.908,0.889,0.018
Image_5143,384,24,3,23,45,34,8.85,10,1.96,17,0.21,0.59,0.865,0.857,0.031
Image_5142,384,24,3,22,29,26,3.27,2,1.32,4,0.02,0.5,0.893,0.887,0.021
Image_4970,384,24,3,35,46,40,1.87,16,1.31,7,0.14,0.55,0.891,0.879,0.299
Image_4969,384,24,3,38,28,33,5.18,9,1.36,28,0.2,0.47,0.868,0.839,0.036
Image_4967,384,24,3,65,99,82,3.4,58,1.52,2,0.09,0.6,0.8,0.765,0.417
Image_4966,384,24,3,60,83,72,6.22,48,1.38,10,0.18,0.48,0.891,0.902,0.083
Image_4965,384,24,3,75,120,98,17.03,74,1.6,6,0.63,0.64,0.75,0.75,0.696
Image_4964,384,24,3,41,55,48,8.38,24,1.34,22,0.3,0.46,0.813,0.813,0.073
Image_4963,384,24,3,19,31,25,2.49,1,1.63,38,0.15,0.5,0.908,0.913,0.018
Image_4962,384,24,3,37,41,39,5.26,15,1.11,15,0.33,0.53,0.8,0.767,0.182
Image_4961,384,24,3,10,17,14,1.97,10,1.7,70,0.16,0.67,0.864,0.82,0.037
Image_4960,384,24,3,59,84,72,19.51,48,1.42,10,0.25,0.51,0.818,0.8,0.619
Image_4959,384,24,3,38,62,50,1.65,26,1.63,6,0.16,0.51,0.844,0.862,0.205
Image_4958,384,24,3,44,60,52,11.44,28,1.36,15,0.11,0.4,0.91,0.91,0.033
Image_4957,384,24,3,26,35,30,9.81,6,1.35,12,0.11,0.48,0.852,0.827,0.059
Image_4956,384,24,3,27,45,36,7.56,12,1.67,29,0.22,0.53,0.851,0.841,0.038
Image_4955,384,24,3,35,46,40,9.02,16,1.31,16,0.1,0.39,0.897,0.897,0.027
Image_4954,384,24,3,43,66,54,9.37,30,1.53,1,0.04,0.55,0.797,0.821,0.586
Image_4953,384,24,3,30,52,41,7.53,17,1.73,18,0.26,0.49,0.85,0.85,0.075
Image_4952,384,24,3,19,23,21,3.12,3,1.21,19,0.07,0.52,0.912,0.921,0.016
Image_4951,384,24,3,22,19,20,3.11,4,1.16,14,0.08,0.62,0.922,0.85,0.0
Image_4950,384,24,3,41,54,48,11.93,24,1.32,18,0.35,0.55,0.786,0.786,0.35
Image_4949,384,24,3,24,35,30,3.76,6,1.46,28,0.23,0.57,0.845,0.861,0.021
Image_4948,384,24,3,81,140,110,17.37,86,1.73,8,0.76,0.66,0.526,0.656,0.659
Image_4947,384,24,3,20,35,28,3.65,4,1.75,53,0.21,0.5,0.873,0.881,0.019
Image_4946,384,24,3,40,56,48,12.03,24,1.4,25,0.26,0.49,0.843,0.822,0.055
Image_4945,384,24,3,33,44,38,1.26,14,1.33,12,0.22,0.53,0.872,0.822,0.093
Image_4944,384,24,3,24,32,28,4.51,4,1.33,11,0.18,0.57,0.879,0.776,0.141
Image_4943,384,24,3,42,64,53,2.46,29,1.52,26,0.28,0.52,0.826,0.833,0.06
Image_4942,384,24,3,49,78,64,2.21,40,1.59,6,0.12,0.4,0.896,0.896,0.222
Image_4941,384,24,3,31,42,36,3.71,12,1.35,15,0.08,0.36,0.886,0.882,0.023
Image_4940,384,24,3,53,98,76,5.22,52,1.85,14,0.31,0.51,0.8,0.8,0.51
Image_4939,384,24,3,70,95,82,16.33,58,1.36,3,0.13,0.54,0.878,0.821,0.333
Image_4938,384,24,3,26,51,38,9.32,14,1.96,13,0.18,0.54,0.826,0.765,0.158
Image_4933,384,24,3,77,59,68,8.67,44,1.31,44,0.45,0.56,0.711,0.711,0.071
Image_4924,384,24,3,36,59,48,4.56,24,1.64,20,0.23,0.54,0.816,0.848,0.113
Image_4923,384,24,3,39,59,49,4.47,25,1.51,7,0.18,0.5,0.848,0.882,0.784
Image_4908,384,24,3,42,74,58,7.45,34,1.76,4,0.2,0.41,0.909,0.909,0.829
Image_4904,384,24,3,60,86,73,9.72,49,1.43,3,0.35,0.34,0.842,0.842,0.952
Image_4903,384,24,3,56,73,64,3.09,40,1.3,11,0.37,0.53,0.766,0.766,0.286
Image_4885,384,24,3,51,41,46,6.71,22,1.24,5,0.3,0.81,0.476,0.4,0.632
Image_4875,384,24,3,57,74,66,4.85,42,1.3,60,0.6,0.68,0.571,0.571,0.095
Image_4874,384,24,3,43,66,54,5.17,30,1.53,61,0.47,0.57,0.684,0.684,0.056
Image_4502,384,24,3,23,312,168,3.28,144,13.57,18,0.46,0.68,0.267,0.227,0.165
Image_4501,384,24,3,20,321,170,5.21,146,16.05,0,0.0,0.78,0.105,0.286,0.1
Image_4500,384,24,3,44,351,198,8.12,174,7.98,7,4.67,1.56,0.0,0.0,0.25
Image_4497,384,24,3,24,301,162,11.72,138,12.54,20,0.58,0.83,0.111,0.162,0.0
Image_4496,384,24,3,27,337,182,10.04,158,12.48,41,0.75,0.88,0.2,0.2,0.0
Image_4494,384,24,3,14,285,150,11.98,126,20.36,38,0.59,0.73,0.293,0.222,0.194
Image_4493,384,24,3,19,308,164,2.21,140,16.21,3,0.19,0.75,0.123,0.23,0.222
Image_4409,384,24,3,48,80,64,13.0,40,1.67,2,0.17,0.92,0.533,0.9,0.5
Image_4407,384,24,3,20,39,30,18.12,6,1.95,18,0.35,0.35,0.752,0.804,0.663
Image_4406,384,24,3,13,27,20,11.5,4,2.08,2,0.19,0.59,0.761,0.761,0.957
Image_4296,384,24,3,59,67,63,3.89,39,1.14,17,0.34,0.5,0.79,0.79,0.222
Image_4286,384,24,3,17,27,22,4.13,2,1.59,57,0.15,0.49,0.89,0.897,0.012
Image_4175,384,24,3,78,126,102,4.58,78,1.62,7,0.25,0.75,0.857,0.857,0.444
Image_4170,384,24,3,29,119,74,5.58,50,4.1,12,0.26,0.56,0.704,0.722,0.0
Image_4123,384,24,3,69,61,65,10.97,41,1.13,1,0.07,0.45,0.963,0.88,0.679
Image_4122,384,24,3,68,111,90,16.9,66,1.63,10,0.44,0.66,0.706,0.706,0.286
Image_4121,384,24,3,69,108,88,7.0,64,1.57,13,0.55,0.72,0.606,0.606,0.615
Image_4120,384,24,3,43,56,50,3.53,26,1.3,16,0.26,0.52,0.841,0.841,0.083
Image_4119,384,24,3,78,112,95,2.49,71,1.44,7,1.27,0.53,0.588,0.588,0.857
Image_4116,384,24,3,59,80,70,4.25,46,1.36,13,0.46,0.6,0.698,0.698,0.364
Image_4115,384,24,3,39,72,56,4.39,32,1.85,2,0.19,0.75,0.889,0.824,0.4
Image_4113,384,24,3,40,57,48,4.57,24,1.43,35,0.48,0.69,0.667,0.667,0.098
Image_4111,384,24,3,35,42,38,2.94,14,1.2,8,0.25,0.61,0.815,0.857,0.67
Image_4110,384,24,3,132,52,92,17.65,68,2.54,3,0.19,0.57,0.889,0.889,0.4
Image_4089,384,24,3,31,60,46,1.33,22,1.94,36,0.38,0.5,0.766,0.766,0.066
Image_4088,384,24,3,46,59,52,4.74,28,1.28,20,0.41,0.58,0.737,0.737,0.069
Image_4087,384,24,3,40,31,36,0.71,12,1.29,34,0.22,0.48,0.874,0.874,0.033
Image_4086,384,24,3,53,75,64,2.4,40,1.42,2,0.14,0.45,0.923,0.833,0.8
Image_4085,384,24,3,26,36,31,1.44,7,1.38,20,0.19,0.51,0.89,0.896,0.023
Image_4084,384,24,3,44,57,50,6.06,26,1.3,9,0.42,0.64,0.727,0.727,0.154
Image_4083,384,24,3,54,54,54,1.32,30,1.0,12,0.15,0.38,0.932,0.932,0.042
Image_4082,384,24,3,28,22,25,1.78,1,1.27,15,0.12,0.49,0.912,0.907,0.036
Image_4079,384,24,3,44,61,52,3.18,28,1.39,4,0.14,0.39,0.923,0.923,0.769
Image_4078,384,24,3,32,52,42,3.92,18,1.62,12,0.17,0.47,0.898,0.889,0.067
Image_4077,384,24,3,17,34,26,4.73,2,2.0,3,0.01,0.4,0.926,0.821,0.018
Image_4074,384,24,3,48,62,55,2.63,31,1.29,8,0.25,0.45,0.852,0.852,0.748
Image_4073,384,24,3,65,60,62,5.03,38,1.08,13,0.34,0.45,0.794,0.794,0.485
Image_4072,384,24,3,65,86,76,4.11,52,1.32,2,0.15,0.45,0.917,0.917,0.625
Image_4069,384,24,3,35,26,30,2.89,6,1.35,24,0.17,0.43,0.908,0.908,0.033
Image_4068,384,24,3,71,99,85,4.99,61,1.39,5,0.32,0.59,0.8,0.8,0.571
Image_4067,384,24,3,38,52,45,2.07,21,1.37,11,0.21,0.49,0.884,0.86,0.091
Image_4066,384,24,3,72,98,85,4.13,61,1.36,1,0.12,0.48,0.941,0.941,0.882
Image_4065,384,24,3,51,40,46,4.7,22,1.27,15,0.29,0.54,0.831,0.831,0.15
Image_4063,384,24,3,57,57,57,3.93,33,1.0,1,0.1,0.46,0.952,0.952,0.533
Image_4062,384,24,3,15,25,20,4.78,4,1.67,113,0.29,0.55,0.799,0.826,0.035
Image_3697,384,24,3,149,108,128,8.06,104,1.38,3,0.21,0.81,0.88,0.88,0.533
Image_3696,384,24,3,146,126,136,6.6,112,1.16,3,0.26,0.91,0.842,0.842,0.4
Image_3694,384,24,3,57,86,72,4.52,48,1.51,10,0.22,0.53,0.842,0.842,0.3
Image_3693,384,24,3,44,54,49,2.17,25,1.23,4,0.1,0.38,0.947,0.933,0.154
Image_3651,384,24,3,89,114,102,8.77,78,1.28,5,0.77,0.74,0.706,0.706,0.429
Image_3650,384,24,3,47,81,64,9.85,40,1.72,6,0.71,0.57,0.691,0.727,0.783
Image_3645,384,24,3,45,49,47,8.12,23,1.09,6,0.09,0.53,0.918,0.935,0.065
Image_3644,384,24,3,63,61,62,17.41,38,1.03,1,0.07,0.58,0.963,0.88,0.556
Image_3501,384,24,3,30,41,36,6.66,12,1.37,5,0.08,0.42,0.96,0.917,0.125
Image_3500,384,24,3,51,70,60,4.19,36,1.37,2,0.11,0.46,0.938,0.938,0.571
Image_3494,384,24,3,85,53,69,4.23,45,1.6,5,0.12,0.53,0.923,0.909,0.195
Image_3342,384,24,3,72,112,92,3.12,68,1.56,2,0.14,0.53,0.923,0.923,0.909
Image_3341,384,24,3,52,57,54,2.28,30,1.1,11,0.43,0.2,0.82,0.82,0.957
Image_3339,384,24,3,67,94,80,5.02,56,1.4,16,1.68,0.25,0.529,0.529,0.81
Image_3329,384,24,3,15,10,12,2.06,12,1.5,83,0.32,0.71,0.8,0.272,0.088
Image_3310,384,24,3,40,50,45,1.94,21,1.25,0,0.0,0.3,1.0,1.0,0.475
Image_3309,384,24,3,49,80,64,4.99,40,1.63,0,0.0,0.35,1.0,0.968,0.4
Image_3284,384,24,3,80,92,86,18.34,62,1.15,13,0.44,0.56,0.711,0.711,0.579
Image_3283,384,24,3,31,32,32,9.74,8,1.03,1,0.03,0.45,0.914,0.864,0.754
Image_3282,384,24,3,57,63,60,10.84,36,1.11,12,0.28,0.45,0.838,0.838,0.524
Image_3281,384,24,3,90,57,74,14.73,50,1.58,8,1.07,0.3,0.604,0.636,0.636
Image_3279,384,24,3,44,59,52,7.88,28,1.34,1,0.04,0.38,0.932,0.796,0.586
Image_3278,384,24,3,55,41,48,4.52,24,1.34,24,0.44,0.61,0.714,0.714,0.211
Image_3275,384,24,3,80,72,76,5.56,52,1.11,13,0.51,0.59,0.649,0.649,0.364
Image_3271,384,24,3,96,102,99,12.29,75,1.06,35,0.62,0.69,0.545,0.545,0.174
Image_3270,384,24,3,68,80,74,7.03,50,1.18,5,0.2,0.43,0.884,0.884,0.273
Image_3268,384,24,3,68,77,72,11.06,48,1.13,7,0.26,0.55,0.844,0.844,0.643
Image_3160,384,24,3,89,93,91,7.13,67,1.04,0,0.0,0.59,0.96,0.917,0.471
Image_2956,384,24,3,81,46,64,12.53,40,1.76,0,0.0,0.51,0.837,0.958,0.958
Image_2955,384,24,3,39,31,35,3.12,11,1.26,24,0.29,0.46,0.852,0.866,0.037
Image_2954,384,24,3,47,78,62,0.88,38,1.66,20,0.34,0.58,0.711,0.739,0.19
Image_2952,384,24,3,28,59,44,3.1,20,2.11,2,0.03,0.43,0.97,0.97,0.237
Image_2951,384,24,3,39,68,54,1.05,30,1.74,1,0.06,0.46,0.929,0.8,0.526
Image_2949,384,24,3,87,37,62,2.86,38,2.35,5,0.17,0.51,0.84,0.906,0.588
Image_2948,384,24,3,80,78,79,3.24,55,1.03,7,1.56,0.44,0.533,0.533,0.533
Image_2947,384,24,3,51,60,56,1.97,32,1.18,1,0.03,0.39,0.972,0.958,0.286
Image_2946,384,24,3,72,63,68,12.06,44,1.14,4,0.47,0.42,0.8,0.8,0.909
Image_2945,384,24,3,75,52,64,1.33,40,1.44,1,0.06,0.52,0.966,0.966,0.923
Image_2944,384,24,3,37,59,48,7.86,24,1.59,2,0.03,0.41,0.88,0.939,0.381
Image_2943,384,24,3,58,60,59,1.65,35,1.03,2,0.06,0.46,0.912,0.967,0.474
Image_2942,384,24,3,48,48,48,1.03,24,1.0,6,0.31,0.32,0.843,0.843,0.649
Image_2941,384,24,3,86,82,84,10.9,60,1.05,3,0.15,0.69,0.75,0.857,0.692
Image_2939,384,24,3,24,32,28,4.29,4,1.33,27,1.06,0.38,0.632,0.649,0.417
Image_2938,384,24,3,79,68,74,15.61,50,1.16,2,0.27,0.62,0.875,0.875,0.875
Image_2937,384,24,3,44,44,44,12.12,20,1.0,37,0.89,0.35,0.683,0.689,0.207
Image_2936,384,24,3,84,54,69,12.91,45,1.56,2,0.09,0.44,0.909,0.932,0.955
Image_2935,384,24,3,83,41,62,2.41,38,2.02,7,1.08,0.36,0.632,0.632,0.762
Image_2933,384,24,3,53,36,44,10.11,20,1.47,6,0.12,0.49,0.891,0.938,0.475
Image_2932,384,24,3,94,54,74,11.58,50,1.74,5,0.16,0.49,0.868,0.909,0.718
Image_2931,384,24,3,59,49,54,26.1,30,1.2,11,0.2,0.51,0.826,0.887,0.208
Image_2930,384,24,3,35,46,40,4.48,16,1.31,8,0.15,0.48,0.92,0.92,0.378
Image_2929,384,24,3,37,35,36,2.45,12,1.06,23,0.42,0.51,0.818,0.824,0.075
Image_2927,384,24,3,30,46,38,4.29,14,1.53,5,0.09,0.49,0.773,0.875,0.384
Image_2926,384,24,3,94,53,74,6.51,50,1.77,12,0.33,0.51,0.8,0.8,0.884
Image_2924,384,24,3,47,45,46,2.54,22,1.04,1,0.02,0.43,0.889,0.952,0.105
Image_2923,384,24,3,53,34,44,8.82,20,1.56,53,1.58,0.34,0.555,0.555,0.297
Image_2922,384,24,3,75,66,70,14.52,46,1.14,3,0.18,0.34,0.914,0.914,0.944
Image_2921,384,24,3,67,55,61,12.4,37,1.22,6,0.18,0.44,0.9,0.9,0.851
Image_2920,384,24,3,40,79,60,10.44,36,1.98,6,0.31,0.71,0.774,0.643,0.48
Image_2918,384,24,3,47,49,48,1.7,24,1.04,19,0.43,0.57,0.725,0.725,0.449
Image_2916,384,24,3,17,18,18,2.78,6,1.06,94,0.87,0.52,0.695,0.68,0.028
Image_2915,384,24,3,45,48,46,3.97,22,1.07,3,0.05,0.47,0.875,0.895,0.149
Image_2914,384,24,3,33,76,54,3.09,30,2.3,4,0.16,0.33,0.886,0.905,0.4
Image_2913,384,24,3,69,72,70,7.9,46,1.04,11,2.44,0.59,0.421,0.421,0.636
Image_2912,384,24,3,34,36,35,1.03,11,1.06,4,0.05,0.5,0.906,0.937,0.154
Image_2910,384,24,3,49,177,113,1.35,89,3.61,6,0.29,0.68,0.824,0.824,0.364
Image_2908,384,24,3,44,53,48,4.41,24,1.2,1,0.03,0.39,0.953,0.985,0.778
Image_2248,384,24,3,38,56,47,2.96,23,1.47,24,0.31,0.52,0.815,0.815,0.073
Image_2225,384,24,3,94,109,102,13.89,78,1.16,2,0.09,0.57,0.923,0.923,0.48
Image_2209,384,24,3,100,148,124,8.56,100,1.48,1,0.1,0.76,0.723,0.952,0.429
Image_2203,384,24,3,64,100,82,8.41,58,1.56,2,0.1,0.43,0.929,0.952,0.464
Image_2195,384,24,3,122,115,118,8.88,94,1.06,2,0.17,0.75,0.917,0.876,0.471
Image_2177,384,24,3,79,128,104,7.82,80,1.62,2,0.07,0.53,0.863,0.885,0.5
Image_2165,384,24,3,81,104,92,3.98,68,1.28,18,0.42,0.58,0.708,0.727,0.154
Image_2155,384,24,3,101,95,98,3.77,74,1.06,7,0.27,0.66,0.837,0.837,0.286
Image_2152,384,24,3,72,127,100,26.52,76,1.76,3,0.12,0.47,0.913,0.913,0.536
Image_2142,384,24,3,76,87,82,15.41,58,1.14,13,0.27,0.53,0.843,0.843,0.108
Image_2141,384,24,3,83,109,96,7.47,72,1.31,0,0.0,0.55,1.0,0.706,0.308
Image_2138,384,24,3,53,83,68,7.41,44,1.57,6,0.26,0.4,0.867,0.867,0.499
Image_2140,384,24,3,77,73,75,17.72,51,1.05,4,0.16,0.51,0.913,0.913,0.385
Image_2051,384,24,3,102,56,79,9.09,55,1.82,8,0.34,0.7,0.789,0.789,0.235
Image_2036,384,24,3,76,51,64,4.55,40,1.49,3,0.1,0.77,0.846,0.824,0.685
Image_2035,384,24,3,108,40,74,5.26,50,2.7,20,0.41,0.8,0.685,0.72,0.462
Image_2026,384,24,3,83,58,70,4.52,46,1.43,3,0.15,0.86,0.914,0.914,0.769
Image_2019,384,24,3,119,81,100,5.13,76,1.47,16,0.52,0.84,0.636,0.636,0.444
Image_2018,384,24,3,34,73,54,4.33,30,2.15,19,0.22,0.67,0.766,0.848,0.207
Image_2011,384,24,3,55,35,45,2.34,21,1.57,61,0.43,0.66,0.721,0.721,0.048
Image_2009,384,24,3,29,22,26,0.94,2,1.32,200,0.5,0.74,0.664,0.664,0.02
Image_2008,384,24,3,51,46,48,2.13,24,1.11,46,0.52,0.77,0.646,0.646,0.133
Image_2007,384,24,3,41,36,38,13.34,14,1.14,24,0.18,0.65,0.761,0.725,0.088
Image_2005,384,24,3,31,24,28,0.47,4,1.29,133,0.49,0.75,0.678,0.678,0.042
Image_2004,384,24,3,35,22,28,1.89,4,1.59,218,0.49,0.73,0.675,0.675,0.018
Image_1493,384,24,3,17,28,22,1.32,2,1.65,51,3.09,0.37,0.381,0.369,0.079
Image_1463,384,24,3,31,37,34,6.78,10,1.19,9,0.17,0.35,0.919,0.911,0.095
Image_1461,384,24,3,15,23,19,1.67,5,1.53,74,2.9,0.47,0.392,0.384,0.089
Image_1456,384,24,3,15,21,18,2.32,6,1.4,49,0.36,0.54,0.737,0.819,0.04
Image_1130,384,24,3,15,10,12,1.7,12,1.5,27,0.78,0.94,0.233,0.194,0.0
Image_1106,384,24,3,31,28,30,5.92,6,1.11,3,0.06,0.6,0.594,0.574,0.229
Image_998,384,24,3,34,42,38,2.51,14,1.24,1,0.04,0.6,0.837,0.649,0.492
Image_996,384,24,3,59,78,68,8.63,44,1.32,7,0.61,0.55,0.759,0.759,0.909
Image_993,384,24,3,59,75,67,11.75,43,1.27,2,0.13,0.37,0.938,0.938,0.97
Image_991,384,24,3,18,29,24,1.05,0,1.61,20,0.18,0.68,0.744,0.765,0.041
Image_990,384,24,3,19,27,23,0.94,1,1.42,0,0.0,0.66,0.717,0.702,0.085
Image_989,384,24,3,27,82,54,8.61,30,3.04,65,0.48,0.63,0.667,0.66,0.056
Image_988,384,24,3,57,114,86,2.34,62,2.0,7,0.36,0.55,0.774,0.774,0.548
Image_985,384,24,3,30,46,38,6.6,14,1.53,22,0.29,0.68,0.76,0.739,0.07
Image_907,384,24,3,48,125,86,11.0,62,2.6,33,0.53,0.69,0.622,0.637,0.129
Image_906,384,24,3,13,28,20,3.02,4,2.15,154,1.89,0.52,0.48,0.495,0.054
Image_701,384,24,3,40,73,56,2.83,32,1.82,25,0.29,0.52,0.819,0.819,0.065
Image_693,384,24,3,61,84,72,2.03,48,1.38,8,0.31,0.54,0.81,0.81,0.496
Image_680,384,24,3,53,145,99,4.26,75,2.74,2,0.14,0.56,0.923,0.923,1.0
Image_349,384,24,3,51,100,76,2.28,52,1.96,28,0.41,0.61,0.736,0.724,0.098
Image_342,384,24,3,49,64,56,21.39,32,1.31,22,0.26,0.6,0.819,0.836,0.062
Image_336,384,24,3,35,45,40,4.14,16,1.29,145,0.9,0.94,0.181,0.181,0.0
Image_330,384,24,3,84,111,98,8.1,74,1.32,52,0.67,0.75,0.49,0.49,0.214
Image_317,384,24,3,16,25,20,3.57,4,1.56,1,0.07,0.61,0.682,0.682,0.426
Image_313,384,24,3,83,125,104,10.78,80,1.51,42,0.64,0.7,0.523,0.523,0.16
Image_293,384,24,3,45,72,58,6.54,34,1.6,38,0.48,0.58,0.683,0.683,0.178
Image_291,384,24,3,54,99,76,11.11,52,1.83,4,0.38,0.51,0.796,0.796,0.933
Image_286,384,24,3,53,87,70,13.14,46,1.64,11,0.51,0.67,0.645,0.645,0.316
Image_2,384,24,3,50,82,66,1.94,42,1.64,2,0.19,0.59,0.889,0.824,0.769
Image_7645,384,32,3,43,145,94,5.91,62,3.37,6,0.29,0.71,0.571,0.519,0.448
Image_7095,384,32,3,35,116,76,3.4,44,3.31,0,0.0,0.44,0.78,0.734,0.178
Image_7661,384,32,3,30,41,36,3.7,4,1.37,8,0.18,0.41,0.9,0.872,0.29
Image_7662,384,32,3,47,35,41,3.97,9,1.34,3,0.09,0.39,0.952,0.935,0.182
Image_6661,384,32,3,11,12,12,0.71,20,1.09,1,0.0,0.7,0.774,0.745,0.052
Image_6660,384,32,3,279,30,154,2.16,122,9.3,1,0.11,0.97,0.0,0.0,0.08
Image_6659,384,32,3,40,323,182,2.49,150,8.07,5,1.11,1.11,0.32,0.0,0.0
Image_6658,384,32,3,15,9,12,1.7,20,1.67,79,0.18,0.66,0.85,0.391,0.0
Image_6657,384,32,3,25,25,25,7.83,7,1.0,33,0.36,0.41,0.825,0.793,0.394
Image_6656,384,32,3,29,30,30,2.13,2,1.03,8,0.09,0.33,0.958,0.953,0.113
Image_6655,384,32,3,9,73,41,1.47,9,8.11,99,0.7,0.47,0.356,0.408,0.0
Image_6653,384,32,3,17,21,19,1.48,13,1.24,89,0.22,0.57,0.874,0.866,0.03
Image_6652,384,32,3,41,79,60,1.73,28,1.93,9,0.21,0.41,0.833,0.88,0.552
Image_6651,384,32,3,40,151,96,5.4,64,3.77,9,0.86,0.79,0.513,0.29,0.399
Image_6650,384,32,3,75,90,82,4.31,50,1.2,9,0.78,0.34,0.71,0.71,0.75
Image_6649,384,32,3,17,46,32,18.54,0,2.71,8,0.08,0.37,0.791,0.735,0.036
Image_6648,384,32,3,20,19,20,1.09,12,1.05,6,0.11,0.66,0.8,0.863,0.041
Image_6645,384,32,3,34,32,33,2.78,1,1.06,5,0.12,0.41,0.935,0.935,0.2
Image_6644,384,32,3,6,12,9,0.71,23,2.0,13,0.03,0.78,0.604,0.496,0.044
Image_5944,384,32,3,40,57,48,2.85,16,1.43,3,0.24,0.32,0.889,0.774,0.235
Image_5940,384,32,3,78,79,78,13.21,46,1.01,8,0.41,0.34,0.808,0.808,0.2
Image_5939,384,32,3,83,133,108,18.67,76,1.6,4,0.89,0.57,0.667,0.6,0.857
Image_5938,384,32,3,57,88,72,6.97,40,1.54,5,0.14,0.48,0.892,0.892,0.278
Image_5936,384,32,3,54,69,62,2.19,30,1.28,2,0.1,0.3,0.947,0.947,0.615
Image_5934,384,32,3,61,84,72,7.26,40,1.38,11,0.39,0.54,0.727,0.756,0.59
Image_5933,384,32,3,79,44,62,6.98,30,1.8,6,0.32,0.55,0.8,0.714,0.0
Image_5932,384,32,3,99,64,82,4.21,50,1.55,1,0.05,0.39,0.976,0.923,0.919
Image_5931,384,32,3,86,137,112,8.67,80,1.59,7,2.8,0.95,0.364,0.364,0.875
Image_5930,384,32,3,65,71,68,2.72,36,1.09,7,0.33,0.58,0.765,0.8,0.691
Image_5929,384,32,3,32,57,44,3.11,12,1.78,10,0.15,0.3,0.93,0.93,0.23
Image_5926,384,32,3,42,73,58,1.05,26,1.74,2,0.16,0.47,0.909,0.909,0.667
Image_5925,384,32,3,138,98,118,19.77,86,1.41,1,0.05,0.5,0.977,0.929,0.37
Image_5924,384,32,3,101,103,102,6.4,70,1.02,8,0.94,0.41,0.667,0.667,0.545
Image_5923,384,32,3,81,68,74,3.3,42,1.19,9,0.4,0.57,0.743,0.743,0.857
Image_5922,384,32,3,26,36,31,0.94,1,1.38,16,0.31,0.6,0.786,0.8,0.167
Image_5921,384,32,3,51,76,64,1.82,32,1.49,0,0.0,0.37,0.929,0.947,0.125
Image_5918,384,32,3,72,53,62,3.25,30,1.36,0,0.0,0.46,0.957,0.909,0.638
Image_5917,384,32,3,53,74,64,1.57,32,1.4,4,0.24,0.56,0.857,0.857,0.625
Image_5915,384,32,3,49,56,52,2.87,20,1.14,3,0.19,0.41,0.889,0.889,0.23
Image_5602,384,32,3,54,74,64,1.57,32,1.37,5,0.19,0.44,0.87,0.87,0.755
Image_5601,384,32,3,54,74,64,1.67,32,1.37,7,0.24,0.53,0.863,0.84,0.853
Image_5600,384,32,3,21,24,22,1.05,10,1.14,17,0.1,0.46,0.926,0.897,0.026
Image_5598,384,32,3,58,79,68,1.71,36,1.36,9,0.28,0.5,0.836,0.815,0.536
Image_5596,384,32,3,35,49,42,4.73,10,1.4,3,0.08,0.4,0.961,0.948,0.261
Image_5595,384,32,3,69,92,80,4.59,48,1.33,7,0.82,0.47,0.696,0.696,0.889
Image_5594,384,32,3,60,77,68,2.89,36,1.28,9,0.37,0.65,0.737,0.703,0.565
Image_5593,384,32,3,49,65,57,3.83,25,1.33,9,0.28,0.52,0.836,0.815,0.831
Image_5592,384,32,3,37,21,29,1.18,3,1.76,14,0.13,0.42,0.93,0.919,0.021
Image_5591,384,32,3,65,47,56,2.98,24,1.38,6,0.16,0.41,0.914,0.914,0.222
Image_5590,384,32,3,74,102,88,7.77,56,1.38,1,0.06,0.33,0.939,0.835,0.836
Image_5588,384,32,3,36,42,39,2.51,7,1.17,0,0.0,0.37,0.979,0.946,0.25
Image_5587,384,32,3,57,72,64,2.1,32,1.26,7,0.3,0.53,0.789,0.722,0.741
Image_5585,384,32,3,44,59,52,3.3,20,1.34,9,0.22,0.44,0.877,0.861,0.422
Image_5584,384,32,3,37,27,32,3.11,0,1.37,14,0.21,0.44,0.879,0.85,0.407
Image_5583,384,32,3,52,68,60,2.11,28,1.31,1,0.07,0.36,0.96,0.96,0.957
Image_5582,384,32,3,37,38,38,2.05,6,1.03,17,0.56,0.22,0.779,0.769,0.484
Image_5581,384,32,3,72,101,86,4.3,54,1.4,3,0.55,0.58,0.769,0.769,0.933
Image_5580,384,32,3,42,48,45,1.94,13,1.14,4,0.09,0.51,0.93,0.955,0.353
Image_5576,384,32,3,44,48,46,4.38,14,1.09,6,0.08,0.54,0.926,0.934,0.162
Image_5575,384,32,3,69,73,71,3.01,39,1.06,5,0.67,0.41,0.737,0.737,0.857
Image_5574,384,32,3,20,21,20,1.09,12,1.05,32,0.26,0.52,0.849,0.833,0.174
Image_5573,384,32,3,42,43,42,2.25,10,1.02,0,0.0,0.28,0.96,0.87,0.267
Image_5572,384,32,3,60,96,78,7.49,46,1.6,8,5.33,0.69,0.2,0.2,0.5
Image_5571,384,32,3,51,65,58,1.59,26,1.27,1,0.05,0.4,0.95,0.895,0.889
Image_5568,384,32,3,38,49,44,9.86,12,1.29,2,0.07,0.37,0.913,0.894,0.433
Image_5567,384,32,3,45,41,43,6.13,11,1.1,2,0.04,0.38,0.961,0.981,0.075
Image_5566,384,32,3,60,74,67,9.57,35,1.23,7,0.26,0.26,0.881,0.881,0.8
Image_5563,384,32,3,17,12,14,2.03,18,1.42,55,0.22,0.68,0.873,0.87,0.066
Image_5390,384,32,3,84,53,68,10.3,36,1.58,6,0.71,0.33,0.727,0.727,0.444
Image_5386,384,32,3,51,77,64,1.97,32,1.51,2,0.16,0.36,0.923,0.923,0.88
Image_5382,384,32,3,48,65,56,2.34,24,1.35,1,0.12,0.5,0.734,0.64,0.577
Image_5380,384,32,3,94,76,85,6.04,53,1.24,7,2.8,0.44,0.364,0.364,0.941
Image_5378,384,32,3,76,73,74,2.42,42,1.04,5,0.77,0.55,0.706,0.706,0.533
Image_5376,384,32,3,100,77,88,6.25,56,1.3,10,2.86,0.64,0.343,0.343,0.818
Image_5375,384,32,3,100,79,90,7.9,58,1.27,1,0.05,0.41,0.944,0.973,0.714
Image_5372,384,32,3,57,47,52,5.72,20,1.21,3,0.11,0.41,0.949,0.949,0.984
Image_5371,384,32,3,53,52,52,3.28,20,1.02,4,0.1,0.3,0.952,0.952,0.646
Image_5369,384,32,3,42,50,46,5.72,14,1.19,7,0.36,0.35,0.844,0.844,0.471
Image_5368,384,32,3,26,24,25,1.72,7,1.08,1,0.01,0.47,0.952,0.915,0.025
Image_5367,384,32,3,19,31,25,0.47,7,1.63,14,0.09,0.45,0.907,0.928,0.026
Image_5366,384,32,3,26,37,32,1.56,0,1.42,7,0.11,0.42,0.942,0.781,0.349
Image_5364,384,32,3,49,56,52,2.57,20,1.14,6,0.2,0.4,0.885,0.863,0.789
Image_5363,384,32,3,31,40,36,3.71,4,1.29,5,0.16,0.33,0.923,0.909,0.108
Image_5361,384,32,3,29,43,36,4.15,4,1.48,6,0.28,0.36,0.875,0.875,0.138
Image_5360,384,32,3,29,40,34,2.55,2,1.38,8,0.11,0.37,0.942,0.942,0.194
Image_5359,384,32,3,17,24,20,0.64,12,1.41,9,0.21,0.51,0.88,0.88,0.059
Image_5358,384,32,3,55,73,64,3.13,32,1.33,7,0.22,0.45,0.877,0.877,0.571
Image_5149,384,32,3,25,32,28,2.16,4,1.28,12,0.12,0.51,0.915,0.915,0.035
Image_5143,384,32,3,23,45,34,8.85,2,1.96,16,0.2,0.59,0.863,0.855,0.062
Image_5142,384,32,3,22,29,26,3.27,6,1.32,8,0.04,0.52,0.896,0.911,0.02
Image_4970,384,32,3,35,46,40,1.87,8,1.31,8,0.22,0.42,0.9,0.865,0.429
Image_4969,384,32,3,38,28,33,5.18,1,1.36,17,0.13,0.41,0.885,0.885,0.131
Image_4967,384,32,3,65,99,82,3.4,50,1.52,5,0.2,0.58,0.8,0.829,0.348
Image_4966,384,32,3,60,83,72,6.22,40,1.38,22,0.9,0.26,0.686,0.686,0.441
Image_4965,384,32,3,75,120,98,17.03,66,1.6,9,1.38,0.55,0.571,0.571,0.636
Image_4964,384,32,3,41,55,48,8.38,16,1.34,7,0.12,0.32,0.916,0.916,0.328
Image_4963,384,32,3,19,31,25,2.49,7,1.63,45,0.17,0.51,0.89,0.89,0.018
Image_4962,384,32,3,37,41,39,5.26,7,1.11,11,0.27,0.44,0.845,0.758,0.358
Image_4961,384,32,3,10,17,14,1.97,18,1.7,85,0.19,0.67,0.83,0.805,0.037
Image_4960,384,32,3,59,84,72,19.51,40,1.42,7,0.31,0.36,0.808,0.863,0.799
Image_4959,384,32,3,38,62,50,1.65,18,1.63,4,0.15,0.37,0.88,0.842,0.46
Image_4958,384,32,3,44,60,52,11.44,20,1.36,24,0.17,0.43,0.891,0.891,0.033
Image_4957,384,32,3,26,35,30,9.81,2,1.35,1,0.01,0.42,0.832,0.874,0.059
Image_4956,384,32,3,27,45,36,7.56,4,1.67,6,0.06,0.48,0.892,0.869,0.144
Image_4955,384,32,3,35,46,40,9.02,8,1.31,3,0.02,0.34,0.916,0.87,0.027
Image_4954,384,32,3,43,66,54,9.37,22,1.53,11,0.59,0.46,0.749,0.749,0.718
Image_4953,384,32,3,30,52,41,7.53,9,1.73,5,0.09,0.41,0.923,0.923,0.294
Image_4952,384,32,3,19,23,21,3.12,11,1.21,36,0.13,0.5,0.905,0.89,0.016
Image_4951,384,32,3,22,19,20,3.11,12,1.16,42,0.2,0.63,0.87,0.844,0.012
Image_4950,384,32,3,41,54,48,11.93,16,1.32,3,0.08,0.43,0.892,0.941,0.521
Image_4949,384,32,3,24,35,30,3.76,2,1.46,10,0.09,0.51,0.865,0.859,0.021
Image_4948,384,32,3,81,140,110,17.37,78,1.73,16,6.4,0.66,0.2,0.182,0.412
Image_4947,384,32,3,20,35,28,3.65,4,1.75,58,0.22,0.48,0.864,0.869,0.019
Image_4946,384,32,3,40,56,48,12.03,16,1.4,4,0.06,0.36,0.919,0.895,0.358
Image_4945,384,32,3,33,44,38,1.26,6,1.33,2,0.05,0.4,0.924,0.708,0.352
Image_4944,384,32,3,24,32,28,4.51,4,1.33,13,0.21,0.52,0.883,0.841,0.103
Image_4943,384,32,3,42,64,53,2.46,21,1.52,7,0.1,0.43,0.892,0.909,0.088
Image_4942,384,32,3,49,78,64,2.21,32,1.59,8,0.16,0.38,0.905,0.886,0.25
Image_4941,384,32,3,31,42,36,3.71,4,1.35,13,0.07,0.34,0.938,0.901,0.034
Image_4940,384,32,3,53,98,76,5.22,44,1.85,2,0.07,0.36,0.858,0.878,0.76
Image_4939,384,32,3,70,95,82,16.33,50,1.36,7,0.52,0.42,0.788,0.763,0.75
Image_4938,384,32,3,26,51,38,9.32,6,1.96,7,0.14,0.42,0.881,0.871,0.424
Image_4933,384,32,3,77,59,68,8.67,36,1.31,6,0.12,0.39,0.903,0.903,0.071
Image_4924,384,32,3,36,59,48,4.56,16,1.64,1,0.02,0.46,0.837,0.837,0.405
Image_4923,384,32,3,39,59,49,4.47,17,1.51,7,0.29,0.39,0.873,0.873,0.808
Image_4908,384,32,3,42,74,58,7.45,26,1.76,9,0.58,0.31,0.769,0.769,0.84
Image_4904,384,32,3,60,86,73,9.72,41,1.43,10,6.67,0.29,0.167,0.167,0.842
Image_4903,384,32,3,56,73,64,3.09,32,1.3,0,0.0,0.39,1.0,0.839,0.2
Image_4885,384,32,3,51,41,46,6.71,14,1.24,1,0.08,0.76,0.286,0.154,0.533
Image_4875,384,32,3,57,74,66,4.85,34,1.3,6,0.13,0.54,0.892,0.892,0.14
Image_4874,384,32,3,43,66,54,5.17,22,1.53,4,0.06,0.41,0.884,0.892,0.162
Image_4502,384,32,3,23,312,168,3.28,136,13.57,9,0.72,0.59,0.421,0.258,0.148
Image_4501,384,32,3,20,321,170,5.21,138,16.05,7,0.61,0.69,0.158,0.158,0.205
Image_4500,384,32,3,44,351,198,8.12,166,7.98,4,0.89,0.86,0.0,0.0,0.2
Image_4497,384,32,3,24,301,162,11.72,130,12.54,5,0.53,0.91,0.0,0.0,0.0
Image_4496,384,32,3,27,337,182,10.04,150,12.48,22,0.62,0.84,0.108,0.25,0.356
Image_4494,384,32,3,14,285,150,11.98,118,20.36,8,0.23,0.64,0.419,0.256,0.194
Image_4493,384,32,3,19,308,164,2.21,132,16.21,13,2.36,0.92,0.0,0.233,0.08
Image_4409,384,32,3,48,80,64,13.0,32,1.67,1,0.1,0.73,0.824,0.947,0.5
Image_4407,384,32,3,20,39,30,18.12,2,1.95,14,0.25,0.37,0.799,0.761,0.634
Image_4406,384,32,3,13,27,20,11.5,12,2.08,0,0.0,0.47,0.909,0.909,1.0
Image_4296,384,32,3,59,67,63,3.89,31,1.14,1,0.03,0.31,0.952,0.935,0.638
Image_4286,384,32,3,17,27,22,4.13,10,1.59,120,0.26,0.52,0.832,0.831,0.012
Image_4175,384,32,3,78,126,102,4.58,70,1.62,8,0.59,0.69,0.765,0.765,0.688
Image_4170,384,32,3,29,119,74,5.58,42,4.1,7,0.25,0.47,0.599,0.679,0.379
Image_4123,384,32,3,69,61,65,10.97,33,1.13,6,0.8,0.36,0.7,0.661,0.679
Image_4122,384,32,3,68,111,90,16.9,58,1.63,1,0.09,0.55,0.865,0.811,0.642
Image_4121,384,32,3,69,108,88,7.0,56,1.57,1,0.09,0.65,0.952,0.952,0.75
Image_4120,384,32,3,43,56,50,3.53,18,1.3,11,0.31,0.33,0.864,0.864,0.122
Image_4119,384,32,3,78,112,95,2.49,63,1.44,10,4.0,0.41,0.286,0.286,0.737
Image_4116,384,32,3,59,80,70,4.25,38,1.36,17,0.52,0.65,0.638,0.638,0.211
Image_4115,384,32,3,39,72,56,4.39,24,1.85,4,0.89,0.61,0.6,0.6,0.333
Image_4113,384,32,3,40,57,48,4.57,16,1.43,1,0.03,0.55,0.882,0.882,0.178
Image_4111,384,32,3,35,42,38,2.94,6,1.2,1,0.04,0.46,0.935,0.912,0.789
Image_4110,384,32,3,132,52,92,17.65,60,2.54,8,1.78,0.37,0.462,0.5,0.909
Image_4089,384,32,3,31,60,46,1.33,14,1.94,19,0.24,0.43,0.861,0.861,0.097
Image_4088,384,32,3,46,59,52,4.74,20,1.28,1,0.04,0.39,0.945,0.925,0.455
Image_4087,384,32,3,40,31,36,0.71,4,1.29,14,0.11,0.45,0.944,0.94,0.033
Image_4086,384,32,3,53,75,64,2.4,32,1.42,1,0.07,0.35,0.96,0.96,0.957
Image_4085,384,32,3,26,36,31,1.44,1,1.38,6,0.06,0.43,0.936,0.936,0.045
Image_4084,384,32,3,44,57,50,6.06,18,1.3,1,0.07,0.51,0.96,0.96,0.5
Image_4083,384,32,3,54,54,54,1.32,22,1.0,39,0.7,0.27,0.738,0.738,0.062
Image_4082,384,32,3,28,22,25,1.78,7,1.27,16,0.13,0.49,0.852,0.903,0.086
Image_4079,384,32,3,44,61,52,3.18,20,1.39,3,0.14,0.25,0.933,0.933,0.769
Image_4078,384,32,3,32,52,42,3.92,10,1.62,4,0.07,0.38,0.956,0.909,0.067
Image_4077,384,32,3,17,34,26,4.73,6,2.0,16,0.07,0.41,0.893,0.874,0.018
Image_4074,384,32,3,48,62,55,2.63,23,1.29,3,0.15,0.3,0.93,0.805,0.857
Image_4073,384,32,3,65,60,62,5.03,30,1.08,2,0.07,0.33,0.962,0.962,0.837
Image_4072,384,32,3,65,86,76,4.11,44,1.32,3,0.21,0.46,0.88,0.88,0.842
Image_4069,384,32,3,35,26,30,2.89,2,1.35,3,0.02,0.36,0.975,0.943,0.049
Image_4068,384,32,3,71,99,85,4.99,53,1.39,6,1.33,0.54,0.571,0.571,0.824
Image_4067,384,32,3,38,52,45,2.07,13,1.37,6,0.16,0.32,0.923,0.911,0.25
Image_4066,384,32,3,72,98,85,4.13,53,1.36,0,0.0,0.44,0.875,0.941,0.941
Image_4065,384,32,3,51,40,46,4.7,14,1.27,1,0.03,0.45,0.959,0.959,0.49
Image_4063,384,32,3,57,57,57,3.93,25,1.0,4,0.53,0.32,0.778,0.778,0.952
Image_4062,384,32,3,15,25,20,4.78,12,1.67,74,0.21,0.53,0.817,0.859,0.028
Image_3697,384,32,3,149,108,128,8.06,96,1.38,1,0.1,0.81,0.952,0.952,0.0
Image_3696,384,32,3,146,126,136,6.6,104,1.16,3,0.55,0.79,0.769,0.769,0.0
Image_3694,384,32,3,57,86,72,4.52,40,1.51,10,0.41,0.38,0.813,0.813,0.571
Image_3693,384,32,3,44,54,49,2.17,17,1.23,0,0.0,0.29,1.0,1.0,0.286
Image_3651,384,32,3,89,114,102,8.77,70,1.28,7,1.56,0.75,0.533,0.533,0.308
Image_3650,384,32,3,47,81,64,9.85,32,1.72,5,0.53,0.64,0.783,0.655,0.885
Image_3645,384,32,3,45,49,47,8.12,15,1.09,3,0.05,0.53,0.923,0.914,0.065
Image_3644,384,32,3,63,61,62,17.41,30,1.03,2,0.17,0.53,0.917,0.917,0.7
Image_3501,384,32,3,30,41,36,6.66,4,1.37,3,0.05,0.4,0.976,0.914,0.154
Image_3500,384,32,3,51,70,60,4.19,28,1.37,0,0.0,0.4,1.0,0.929,0.696
Image_3494,384,32,3,85,53,69,4.23,37,1.6,16,0.74,0.42,0.724,0.724,0.279
Image_3342,384,32,3,72,112,92,3.12,60,1.56,0,0.0,0.48,1.0,1.0,0.957
Image_3341,384,32,3,52,57,54,2.28,22,1.1,4,0.12,0.22,0.941,0.941,0.957
Image_3339,384,32,3,67,94,80,5.02,48,1.4,17,2.0,0.2,0.485,0.485,0.75
Image_3329,384,32,3,15,10,12,2.06,20,1.5,123,0.41,0.72,0.738,0.337,0.062
Image_3310,384,32,3,40,50,45,1.94,13,1.25,3,0.11,0.25,0.949,0.949,0.681
Image_3309,384,32,3,49,80,64,4.99,32,1.63,7,0.74,0.22,0.72,0.72,0.667
Image_3284,384,32,3,80,92,86,18.34,54,1.15,2,0.14,0.4,0.933,0.901,0.789
Image_3283,384,32,3,31,32,32,9.74,0,1.03,4,0.1,0.41,0.935,0.794,0.708
Image_3282,384,32,3,57,63,60,10.84,28,1.11,4,0.15,0.33,0.88,0.861,0.592
Image_3281,384,32,3,90,57,74,14.73,42,1.58,10,1.82,0.28,0.471,0.5,0.75
Image_3279,384,32,3,44,59,52,7.88,20,1.34,1,0.04,0.38,0.884,0.829,0.712
Image_3278,384,32,3,55,41,48,4.52,16,1.34,33,0.52,0.61,0.645,0.645,0.174
Image_3275,384,32,3,80,72,76,5.56,44,1.11,7,0.36,0.49,0.774,0.774,0.4
Image_3271,384,32,3,96,102,99,12.29,67,1.06,23,0.52,0.64,0.646,0.646,0.174
Image_3270,384,32,3,68,80,74,7.03,42,1.18,3,0.18,0.37,0.914,0.887,0.48
Image_3268,384,32,3,68,77,72,11.06,40,1.13,5,0.34,0.46,0.848,0.848,0.643
Image_3160,384,32,3,89,93,91,7.13,59,1.04,8,1.45,0.56,0.556,0.556,0.375
Image_2956,384,32,3,81,46,64,12.53,32,1.76,6,0.31,0.55,0.72,0.822,0.837
Image_2955,384,32,3,39,31,35,3.12,3,1.26,24,0.29,0.36,0.866,0.871,0.056
Image_2954,384,32,3,47,78,62,0.88,30,1.66,7,0.15,0.48,0.784,0.831,0.417
Image_2952,384,32,3,28,59,44,3.1,12,2.11,22,0.48,0.28,0.796,0.804,0.537
Image_2951,384,32,3,39,68,54,1.05,22,1.74,7,0.93,0.22,0.667,0.632,0.833
Image_2949,384,32,3,87,37,62,2.86,30,2.35,1,0.04,0.44,0.837,0.958,0.737
Image_2948,384,32,3,80,78,79,3.24,47,1.03,7,1.56,0.37,0.533,0.533,0.842
Image_2947,384,32,3,51,60,56,1.97,24,1.18,9,0.2,0.38,0.875,0.889,0.56
Image_2946,384,32,3,72,63,68,12.06,36,1.14,4,0.47,0.4,0.8,0.8,0.8
Image_2945,384,32,3,75,52,64,1.33,32,1.44,0,0.0,0.48,1.0,1.0,0.923
Image_2944,384,32,3,37,59,48,7.86,16,1.59,25,0.57,0.31,0.768,0.775,0.538
Image_2943,384,32,3,58,60,59,1.65,27,1.03,10,0.51,0.36,0.792,0.792,0.926
Image_2942,384,32,3,48,48,48,1.03,16,1.0,11,0.76,0.19,0.718,0.699,0.98
Image_2941,384,32,3,86,82,84,10.9,52,1.05,8,0.84,0.57,0.664,0.692,0.522
Image_2939,384,32,3,24,32,28,4.29,4,1.33,17,0.48,0.36,0.805,0.775,0.53
Image_2938,384,32,3,79,68,74,15.61,42,1.16,1,0.12,0.64,0.734,0.941,0.714
Image_2937,384,32,3,44,44,44,12.12,12,1.0,13,0.2,0.37,0.869,0.896,0.207
Image_2936,384,32,3,84,54,69,12.91,37,1.56,12,1.04,0.41,0.647,0.647,0.978
Image_2935,384,32,3,83,41,62,2.41,30,2.02,6,0.8,0.38,0.661,0.7,0.723
Image_2933,384,32,3,53,36,44,10.11,12,1.47,38,0.46,0.55,0.703,0.703,0.23
Image_2932,384,32,3,94,54,74,11.58,42,1.74,12,0.89,0.34,0.665,0.684,0.837
Image_2931,384,32,3,59,49,54,26.1,22,1.2,19,0.3,0.53,0.796,0.796,0.546
Image_2930,384,32,3,35,46,40,4.48,8,1.31,5,0.09,0.47,0.922,0.957,0.494
Image_2929,384,32,3,37,35,36,2.45,4,1.06,26,0.5,0.38,0.797,0.797,0.099
Image_2927,384,32,3,30,46,38,4.29,6,1.53,1,0.02,0.42,0.734,0.837,0.571
Image_2926,384,32,3,94,53,74,6.51,42,1.77,8,0.48,0.35,0.8,0.8,0.979
Image_2924,384,32,3,47,45,46,2.54,14,1.04,15,0.38,0.25,0.839,0.839,0.633
Image_2923,384,32,3,53,34,44,8.82,12,1.56,49,1.31,0.32,0.602,0.602,0.362
Image_2922,384,32,3,75,66,70,14.52,38,1.14,3,0.18,0.35,0.914,0.914,0.848
Image_2921,384,32,3,67,55,61,12.4,29,1.22,9,0.49,0.32,0.8,0.8,0.851
Image_2920,384,32,3,40,79,60,10.44,28,1.98,2,0.13,0.64,0.889,0.696,0.554
Image_2918,384,32,3,47,49,48,1.7,16,1.04,19,0.43,0.55,0.725,0.725,0.554
Image_2916,384,32,3,17,18,18,2.78,14,1.06,55,0.37,0.51,0.838,0.82,0.037
Image_2915,384,32,3,45,48,46,3.97,14,1.07,20,0.48,0.35,0.796,0.804,0.329
Image_2914,384,32,3,33,76,54,3.09,22,2.3,12,0.73,0.15,0.71,0.71,0.809
Image_2913,384,32,3,69,72,70,7.9,38,1.04,12,3.43,0.52,0.333,0.333,0.421
Image_2912,384,32,3,34,36,35,1.03,3,1.06,10,0.16,0.37,0.925,0.925,0.531
Image_2910,384,32,3,49,177,113,1.35,81,3.61,5,0.53,0.61,0.783,0.746,0.783
Image_2908,384,32,3,44,53,48,4.41,16,1.2,1,0.03,0.35,0.846,0.985,0.881
Image_2248,384,32,3,38,56,47,2.96,15,1.47,8,0.13,0.38,0.92,0.92,0.441
Image_2225,384,32,3,94,109,102,13.89,70,1.16,5,0.34,0.49,0.848,0.848,0.643
Image_2209,384,32,3,100,148,124,8.56,92,1.48,4,0.53,0.6,0.778,0.778,0.429
Image_2203,384,32,3,64,100,82,8.41,50,1.56,11,0.96,0.37,0.667,0.645,0.514
Image_2195,384,32,3,122,115,118,8.88,86,1.06,2,0.17,0.7,0.917,0.917,0.471
Image_2177,384,32,3,79,128,104,7.82,72,1.62,6,0.28,0.42,0.856,0.856,0.683
Image_2165,384,32,3,81,104,92,3.98,60,1.28,5,0.17,0.48,0.863,0.863,0.154
Image_2155,384,32,3,101,95,98,3.77,66,1.06,0,0.0,0.63,0.941,0.875,0.286
Image_2152,384,32,3,72,127,100,26.52,68,1.76,8,0.55,0.42,0.778,0.778,0.411
Image_2142,384,32,3,76,87,82,15.41,50,1.14,3,0.09,0.48,0.941,0.91,0.205
Image_2141,384,32,3,83,109,96,7.47,64,1.31,6,1.09,0.38,0.625,0.625,0.533
Image_2138,384,32,3,53,83,68,7.41,36,1.57,13,0.79,0.34,0.711,0.711,0.619
Image_2140,384,32,3,77,73,75,17.72,43,1.05,0,0.0,0.49,1.0,1.0,0.5
Image_2051,384,32,3,102,56,79,9.09,47,1.82,1,0.06,0.71,0.968,0.933,0.235
Image_2036,384,32,3,76,51,64,4.55,32,1.49,1,0.04,0.79,0.806,0.879,0.86
Image_2035,384,32,3,108,40,74,5.26,42,2.7,3,0.1,0.81,0.708,0.76,0.694
Image_2026,384,32,3,83,58,70,4.52,38,1.43,4,0.2,0.88,0.889,0.889,0.829
Image_2019,384,32,3,119,81,100,5.13,68,1.47,9,0.38,0.85,0.757,0.757,0.667
Image_2018,384,32,3,34,73,54,4.33,22,2.15,19,0.22,0.71,0.766,0.84,0.184
Image_2011,384,32,3,55,35,45,2.34,13,1.57,43,0.35,0.65,0.78,0.78,0.049
Image_2009,384,32,3,29,22,26,0.94,6,1.32,271,0.58,0.76,0.594,0.594,0.02
Image_2008,384,32,3,51,46,48,2.13,16,1.11,39,0.48,0.72,0.683,0.683,0.091
Image_2007,384,32,3,41,36,38,13.34,6,1.14,2,0.02,0.6,0.726,0.593,0.198
Image_2005,384,32,3,31,24,28,0.47,4,1.29,179,0.56,0.77,0.607,0.61,0.028
Image_2004,384,32,3,35,22,28,1.89,4,1.59,259,0.53,0.72,0.636,0.636,0.018
Image_1493,384,32,3,17,28,22,1.32,10,1.65,41,1.55,0.29,0.546,0.524,0.109
Image_1463,384,32,3,31,37,34,6.78,2,1.19,9,0.17,0.34,0.911,0.893,0.179
Image_1461,384,32,3,15,23,19,1.67,13,1.53,51,1.05,0.39,0.649,0.639,0.039
Image_1456,384,32,3,15,21,18,2.32,14,1.4,16,0.09,0.55,0.802,0.82,0.085
Image_1130,384,32,3,15,10,12,1.7,20,1.5,22,0.56,0.9,0.28,0.28,0.0
Image_1106,384,32,3,31,28,30,5.92,2,1.11,11,0.29,0.52,0.68,0.546,0.224
Image_998,384,32,3,34,42,38,2.51,6,1.24,9,0.58,0.48,0.702,0.702,0.588
Image_996,384,32,3,59,78,68,8.63,36,1.32,7,0.61,0.48,0.759,0.759,0.912
Image_993,384,32,3,59,75,67,11.75,35,1.27,7,0.67,0.25,0.741,0.741,0.97
Image_991,384,32,3,18,29,24,1.05,8,1.61,8,0.08,0.63,0.783,0.783,0.041
Image_990,384,32,3,19,27,23,0.94,9,1.42,28,0.2,0.68,0.719,0.753,0.035
Image_989,384,32,3,27,82,54,8.61,22,3.04,6,0.09,0.47,0.831,0.84,0.157
Image_988,384,32,3,57,114,86,2.34,54,2.0,0,0.0,0.43,0.957,0.957,0.857
Image_985,384,32,3,30,46,38,6.6,6,1.53,16,0.43,0.57,0.75,0.762,0.172
Image_907,384,32,3,48,125,86,11.0,54,2.6,6,0.17,0.59,0.727,0.75,0.129
Image_906,384,32,3,13,28,20,3.02,12,2.15,171,2.65,0.48,0.406,0.406,0.0
Image_701,384,32,3,40,73,56,2.83,24,1.82,2,0.03,0.4,0.911,0.902,0.257
Image_693,384,32,3,61,84,72,2.03,40,1.38,5,0.22,0.51,0.872,0.872,0.583
Image_680,384,32,3,53,145,99,4.26,67,2.74,2,0.19,0.53,0.816,0.909,0.957
Image_349,384,32,3,51,100,76,2.28,44,1.96,13,0.49,0.43,0.787,0.8,0.34
Image_342,384,32,3,49,64,56,21.39,24,1.31,18,0.4,0.47,0.826,0.833,0.174
Image_336,384,32,3,35,45,40,4.14,8,1.29,183,0.92,0.95,0.149,0.149,0.0
Image_330,384,32,3,84,111,98,8.1,66,1.32,14,0.35,0.6,0.781,0.781,0.214
Image_317,384,32,3,16,25,20,3.57,12,1.56,4,0.38,0.54,0.513,0.423,0.429
Image_313,384,32,3,83,125,104,10.78,72,1.51,8,0.25,0.55,0.852,0.83,0.231
Image_293,384,32,3,45,72,58,6.54,26,1.6,3,0.07,0.41,0.914,0.94,0.327
Image_291,384,32,3,54,99,76,11.11,44,1.83,7,0.93,0.48,0.632,0.667,0.886
Image_286,384,32,3,53,87,70,13.14,38,1.64,1,0.09,0.48,0.952,0.842,0.237
Image_2,384,32,3,50,82,66,1.94,34,1.64,1,0.13,0.46,0.933,0.933,0.769
Image_7645,384,48,3,43,145,94,5.91,46,3.37,17,0.54,0.78,0.558,0.524,0.261
Image_7095,384,48,3,35,116,76,3.4,28,3.31,26,0.34,0.57,0.723,0.733,0.074
Image_7661,384,48,3,30,41,36,3.7,12,1.37,16,0.3,0.51,0.818,0.791,0.164
Image_7662,384,48,3,47,35,41,3.97,7,1.34,6,0.16,0.48,0.909,0.909,0.125
Image_6661,384,48,3,11,12,12,0.71,36,1.09,62,0.2,0.68,0.89,0.827,0.025
Image_6660,384,48,3,279,30,154,2.16,106,9.3,15,0.59,0.85,0.276,0.333,0.216
Image_6659,384,48,3,40,323,182,2.49,134,8.07,6,0.39,0.77,0.421,0.571,0.133
Image_6658,384,48,3,15,9,12,1.7,36,1.67,29,0.07,0.69,0.408,0.312,0.0
Image_6657,384,48,3,25,25,25,7.83,23,1.0,39,0.46,0.44,0.787,0.769,0.126
Image_6656,384,48,3,29,30,30,2.13,18,1.03,12,0.14,0.36,0.936,0.936,0.165
Image_6655,384,48,3,9,73,41,1.47,7,8.11,174,2.62,0.4,0.313,0.288,0.032
Image_6653,384,48,3,17,21,19,1.48,29,1.24,38,0.11,0.53,0.929,0.927,0.019
Image_6652,384,48,3,41,79,60,1.73,12,1.93,8,0.31,0.31,0.862,0.862,0.8
Image_6651,384,48,3,40,151,96,5.4,48,3.77,6,0.44,0.75,0.551,0.345,0.319
Image_6650,384,48,3,75,90,82,4.31,34,1.2,14,2.15,0.28,0.462,0.462,0.71
Image_6649,384,48,3,17,46,32,18.54,16,2.71,12,0.12,0.45,0.801,0.614,0.036
Image_6648,384,48,3,20,19,20,1.09,28,1.05,7,0.13,0.65,0.878,0.878,0.077
Image_6645,384,48,3,34,32,33,2.78,15,1.06,3,0.09,0.34,0.957,0.928,0.244
Image_6644,384,48,3,6,12,9,0.71,39,2.0,71,0.12,0.8,0.647,0.588,0.044
Image_5944,384,48,3,40,57,48,2.85,0,1.43,0,0.0,0.43,0.929,0.8,0.25
Image_5940,384,48,3,78,79,78,13.21,30,1.01,4,0.17,0.42,0.901,0.816,0.138
Image_5939,384,48,3,83,133,108,18.67,60,1.6,0,0.0,0.56,1.0,0.933,0.857
Image_5938,384,48,3,57,88,72,6.97,24,1.54,3,0.11,0.45,0.949,0.933,0.176
Image_5936,384,48,3,54,69,62,2.19,14,1.28,3,0.19,0.28,0.909,0.881,0.714
Image_5934,384,48,3,61,84,72,7.26,24,1.38,7,0.29,0.47,0.829,0.829,0.339
Image_5933,384,48,3,79,44,62,6.98,14,1.8,7,0.36,0.56,0.774,0.774,0.384
Image_5932,384,48,3,99,64,82,4.21,34,1.55,2,0.09,0.34,0.952,0.952,0.824
Image_5931,384,48,3,86,137,112,8.67,64,1.59,2,0.27,0.61,0.875,0.875,0.882
Image_5930,384,48,3,65,71,68,2.72,20,1.09,15,0.51,0.63,0.651,0.651,0.222
Image_5929,384,48,3,32,57,44,3.11,4,1.78,7,0.1,0.33,0.952,0.918,0.146
Image_5926,384,48,3,42,73,58,1.05,10,1.74,1,0.11,0.43,0.894,0.894,0.615
Image_5925,384,48,3,138,98,118,19.77,70,1.41,6,0.36,0.39,0.819,0.842,0.167
Image_5924,384,48,3,101,103,102,6.4,54,1.02,3,0.22,0.4,0.864,0.897,0.72
Image_5923,384,48,3,81,68,74,3.3,26,1.19,9,0.4,0.57,0.743,0.743,0.733
Image_5922,384,48,3,26,36,31,0.94,17,1.38,11,0.24,0.59,0.835,0.821,0.167
Image_5921,384,48,3,51,76,64,1.82,16,1.49,0,0.0,0.39,0.966,0.966,0.125
Image_5918,384,48,3,72,53,62,3.25,14,1.36,1,0.09,0.46,0.913,0.811,0.462
Image_5917,384,48,3,53,74,64,1.57,16,1.4,3,0.19,0.59,0.846,0.889,0.492
Image_5915,384,48,3,49,56,52,2.87,4,1.14,6,0.32,0.5,0.8,0.8,0.286
Image_5602,384,48,3,54,74,64,1.57,16,1.37,27,0.56,0.67,0.609,0.609,0.25
Image_5601,384,48,3,54,74,64,1.67,16,1.37,13,0.37,0.61,0.772,0.772,0.354
Image_5600,384,48,3,21,24,22,1.05,26,1.14,5,0.03,0.46,0.963,0.934,0.026
Image_5598,384,48,3,58,79,68,1.71,20,1.36,8,0.25,0.48,0.852,0.852,0.282
Image_5596,384,48,3,35,49,42,4.73,6,1.4,8,0.25,0.39,0.889,0.889,0.298
Image_5595,384,48,3,69,92,80,4.59,32,1.33,1,0.07,0.48,0.966,0.966,0.571
Image_5594,384,48,3,60,77,68,2.89,20,1.28,11,0.42,0.66,0.732,0.732,0.393
Image_5593,384,48,3,49,65,57,3.83,9,1.33,24,0.51,0.67,0.657,0.657,0.397
Image_5592,384,48,3,37,21,29,1.18,19,1.76,3,0.03,0.41,0.973,0.897,0.081
Image_5591,384,48,3,65,47,56,2.98,8,1.38,14,0.3,0.5,0.821,0.821,0.171
Image_5590,384,48,3,74,102,88,7.77,40,1.38,4,0.19,0.44,0.833,0.765,0.756
Image_5588,384,48,3,36,42,39,2.51,9,1.17,8,0.14,0.45,0.925,0.925,0.151
Image_5587,384,48,3,57,72,64,2.1,16,1.26,28,0.63,0.74,0.533,0.533,0.579
Image_5585,384,48,3,44,59,52,3.3,4,1.34,22,0.4,0.56,0.744,0.744,0.111
Image_5584,384,48,3,37,27,32,3.11,16,1.37,7,0.12,0.44,0.936,0.895,0.179
Image_5583,384,48,3,52,68,60,2.11,12,1.31,2,0.14,0.39,0.923,0.923,0.957
Image_5582,384,48,3,37,38,38,2.05,10,1.03,11,0.3,0.35,0.867,0.867,0.157
Image_5581,384,48,3,72,101,86,4.3,38,1.4,2,0.31,0.56,0.857,0.857,0.667
Image_5580,384,48,3,42,48,45,1.94,3,1.14,16,0.27,0.56,0.84,0.84,0.091
Image_5576,384,48,3,44,48,46,4.38,2,1.09,7,0.09,0.53,0.935,0.935,0.084
Image_5575,384,48,3,69,73,71,3.01,23,1.06,3,0.32,0.47,0.857,0.857,0.909
Image_5574,384,48,3,20,21,20,1.09,28,1.05,8,0.08,0.45,0.952,0.86,0.154
Image_5573,384,48,3,42,43,42,2.25,6,1.02,0,0.0,0.29,1.0,1.0,0.207
Image_5572,384,48,3,60,96,78,7.49,30,1.6,6,1.71,0.41,0.333,0.5,0.364
Image_5571,384,48,3,51,65,58,1.59,10,1.27,13,0.39,0.61,0.755,0.731,0.75
Image_5568,384,48,3,38,49,44,9.86,4,1.29,1,0.03,0.43,0.931,0.784,0.154
Image_5567,384,48,3,45,41,43,6.13,5,1.1,3,0.06,0.37,0.95,0.939,0.075
Image_5566,384,48,3,60,74,67,9.57,19,1.23,6,0.15,0.36,0.886,0.886,0.263
Image_5563,384,48,3,17,12,14,2.03,34,1.42,53,0.22,0.69,0.869,0.867,0.086
Image_5390,384,48,3,84,53,68,10.3,20,1.58,0,0.0,0.43,0.88,0.88,0.25
Image_5386,384,48,3,51,77,64,1.97,16,1.51,2,0.12,0.39,0.933,0.933,0.414
Image_5382,384,48,3,48,65,56,2.34,8,1.35,2,0.17,0.56,0.842,0.706,0.577
Image_5380,384,48,3,94,76,85,6.04,37,1.24,1,0.1,0.48,0.947,0.947,1.0
Image_5378,384,48,3,76,73,74,2.42,26,1.04,5,0.3,0.58,0.815,0.815,0.267
Image_5376,384,48,3,100,77,88,6.25,40,1.3,1,0.07,0.62,0.923,0.963,0.87
Image_5375,384,48,3,100,79,90,7.9,42,1.27,0,0.0,0.4,0.971,0.971,0.8
Image_5372,384,48,3,57,47,52,5.72,4,1.21,2,0.06,0.41,0.935,0.969,0.652
Image_5371,384,48,3,53,52,52,3.28,4,1.02,0,0.0,0.35,1.0,0.952,0.204
Image_5369,384,48,3,42,50,46,5.72,2,1.19,0,0.0,0.42,0.98,0.917,0.207
Image_5368,384,48,3,26,24,25,1.72,23,1.08,10,0.07,0.47,0.946,0.939,0.013
Image_5367,384,48,3,19,31,25,0.47,23,1.63,9,0.06,0.45,0.954,0.94,0.026
Image_5366,384,48,3,26,37,32,1.56,16,1.42,2,0.04,0.36,0.973,0.946,0.348
Image_5364,384,48,3,49,56,52,2.57,4,1.14,4,0.15,0.41,0.898,0.92,0.722
Image_5363,384,48,3,31,40,36,3.71,12,1.29,3,0.09,0.37,0.955,0.941,0.108
Image_5361,384,48,3,29,43,36,4.15,12,1.48,6,0.28,0.35,0.875,0.875,0.138
Image_5360,384,48,3,29,40,34,2.55,14,1.38,4,0.06,0.36,0.97,0.913,0.169
Image_5359,384,48,3,17,24,20,0.64,28,1.41,5,0.13,0.49,0.93,0.866,0.491
Image_5358,384,48,3,55,73,64,3.13,16,1.33,18,0.41,0.54,0.735,0.735,0.148
Image_5149,384,48,3,25,32,28,2.16,20,1.28,8,0.08,0.52,0.94,0.895,0.035
Image_5143,384,48,3,23,45,34,8.85,14,1.96,16,0.2,0.57,0.879,0.871,0.089
Image_5142,384,48,3,22,29,26,3.27,22,1.32,41,0.17,0.55,0.841,0.872,0.03
Image_4970,384,48,3,35,46,40,1.87,8,1.31,2,0.05,0.49,0.916,0.876,0.301
Image_4969,384,48,3,38,28,33,5.18,15,1.36,14,0.11,0.44,0.897,0.892,0.0
Image_4967,384,48,3,65,99,82,3.4,34,1.52,2,0.11,0.52,0.789,0.858,0.417
Image_4966,384,48,3,60,83,72,6.22,24,1.38,3,0.07,0.42,0.896,0.896,0.083
Image_4965,384,48,3,75,120,98,17.03,50,1.6,6,0.63,0.61,0.716,0.75,0.636
Image_4964,384,48,3,41,55,48,8.38,0,1.34,2,0.04,0.33,0.95,0.918,0.206
Image_4963,384,48,3,19,31,25,2.49,23,1.63,57,0.21,0.5,0.871,0.882,0.018
Image_4962,384,48,3,37,41,39,5.26,9,1.11,4,0.12,0.38,0.938,0.786,0.444
Image_4961,384,48,3,10,17,14,1.97,34,1.7,126,0.26,0.7,0.827,0.799,0.045
Image_4960,384,48,3,59,84,72,19.51,24,1.42,3,0.09,0.49,0.857,0.915,0.766
Image_4959,384,48,3,38,62,50,1.65,2,1.63,6,0.16,0.49,0.806,0.702,0.268
Image_4958,384,48,3,44,60,52,11.44,4,1.36,3,0.02,0.38,0.952,0.874,0.05
Image_4957,384,48,3,26,35,30,9.81,18,1.35,14,0.13,0.46,0.862,0.874,0.041
Image_4956,384,48,3,27,45,36,7.56,12,1.67,0,0.0,0.46,0.86,0.86,0.125
Image_4955,384,48,3,35,46,40,9.02,8,1.31,3,0.02,0.34,0.887,0.81,0.041
Image_4954,384,48,3,43,66,54,9.37,6,1.53,6,0.26,0.5,0.849,0.849,0.598
Image_4953,384,48,3,30,52,41,7.53,7,1.73,6,0.1,0.42,0.935,0.914,0.179
Image_4952,384,48,3,19,23,21,3.12,27,1.21,14,0.05,0.5,0.899,0.887,0.016
Image_4951,384,48,3,22,19,20,3.11,28,1.16,18,0.1,0.62,0.908,0.843,0.052
Image_4950,384,48,3,41,54,48,11.93,0,1.32,10,0.23,0.5,0.868,0.868,0.453
Image_4949,384,48,3,24,35,30,3.76,18,1.46,7,0.07,0.49,0.921,0.873,0.06
Image_4948,384,48,3,81,140,110,17.37,62,1.73,11,1.47,0.6,0.463,0.535,0.824
Image_4947,384,48,3,20,35,28,3.65,20,1.75,58,0.22,0.49,0.864,0.869,0.019
Image_4946,384,48,3,40,56,48,12.03,0,1.4,3,0.04,0.4,0.879,0.879,0.196
Image_4945,384,48,3,33,44,38,1.26,10,1.33,3,0.07,0.47,0.886,0.706,0.24
Image_4944,384,48,3,24,32,28,4.51,20,1.33,17,0.26,0.57,0.842,0.766,0.124
Image_4943,384,48,3,42,64,53,2.46,5,1.52,5,0.07,0.44,0.889,0.852,0.06
Image_4942,384,48,3,49,78,64,2.21,16,1.59,12,0.27,0.36,0.871,0.862,0.328
Image_4941,384,48,3,31,42,36,3.71,12,1.35,5,0.03,0.32,0.928,0.852,0.023
Image_4940,384,48,3,53,98,76,5.22,28,1.85,2,0.07,0.38,0.897,0.858,0.591
Image_4939,384,48,3,70,95,82,16.33,34,1.36,2,0.11,0.48,0.947,0.922,0.621
Image_4938,384,48,3,26,51,38,9.32,10,1.96,11,0.16,0.52,0.878,0.745,0.108
Image_4933,384,48,3,77,59,68,8.67,20,1.31,1,0.02,0.43,0.942,0.932,0.071
Image_4924,384,48,3,36,59,48,4.56,0,1.64,2,0.03,0.47,0.831,0.887,0.233
Image_4923,384,48,3,39,59,49,4.47,1,1.51,1,0.03,0.46,0.896,0.914,0.852
Image_4908,384,48,3,42,74,58,7.45,10,1.76,10,0.69,0.34,0.694,0.737,0.884
Image_4904,384,48,3,60,86,73,9.72,25,1.43,4,0.53,0.3,0.778,0.73,0.842
Image_4903,384,48,3,56,73,64,3.09,16,1.3,8,0.3,0.48,0.818,0.818,0.2
Image_4885,384,48,3,51,41,46,6.71,2,1.24,2,0.15,0.75,0.143,0.375,0.556
Image_4875,384,48,3,57,74,66,4.85,18,1.3,15,0.27,0.56,0.842,0.842,0.095
Image_4874,384,48,3,43,66,54,5.17,6,1.53,15,0.18,0.45,0.863,0.863,0.057
Image_4502,384,48,3,23,312,168,3.28,120,13.57,17,0.44,0.67,0.233,0.146,0.0
Image_4501,384,48,3,20,321,170,5.21,122,16.05,8,0.3,0.74,0.267,0.267,0.267
Image_4500,384,48,3,44,351,198,8.12,150,7.98,2,0.19,0.71,0.462,0.462,0.286
Image_4497,384,48,3,24,301,162,11.72,114,12.54,15,0.51,0.82,0.067,0.129,0.222
Image_4496,384,48,3,27,337,182,10.04,134,12.48,144,0.91,0.93,0.12,0.131,0.235
Image_4494,384,48,3,14,285,150,11.98,102,20.36,28,0.51,0.69,0.286,0.258,0.074
Image_4493,384,48,3,19,308,164,2.21,116,16.21,2,0.12,0.76,0.219,0.219,0.111
Image_4409,384,48,3,48,80,64,13.0,16,1.67,9,0.49,0.79,0.667,0.667,0.875
Image_4407,384,48,3,20,39,30,18.12,18,1.95,14,0.25,0.36,0.816,0.808,0.677
Image_4406,384,48,3,13,27,20,11.5,28,2.08,1,0.09,0.47,0.913,0.811,0.957
Image_4296,384,48,3,59,67,63,3.89,15,1.14,1,0.03,0.37,0.917,0.917,0.476
Image_4286,384,48,3,17,27,22,4.13,26,1.59,60,0.15,0.49,0.879,0.89,0.012
Image_4175,384,48,3,78,126,102,4.58,54,1.62,8,0.59,0.7,0.765,0.765,0.704
Image_4170,384,48,3,29,119,74,5.58,26,4.1,16,0.32,0.6,0.718,0.611,0.105
Image_4123,384,48,3,69,61,65,10.97,17,1.13,3,0.29,0.41,0.87,0.87,0.661
Image_4122,384,48,3,68,111,90,16.9,42,1.63,4,0.24,0.57,0.857,0.857,0.4
Image_4121,384,48,3,69,108,88,7.0,40,1.57,2,0.16,0.65,0.909,0.909,0.571
Image_4120,384,48,3,43,56,50,3.53,2,1.3,2,0.04,0.44,0.933,0.945,0.083
Image_4119,384,48,3,78,112,95,2.49,47,1.44,5,0.67,0.43,0.737,0.737,0.909
Image_4116,384,48,3,59,80,70,4.25,22,1.36,3,0.16,0.49,0.909,0.875,0.211
Image_4115,384,48,3,39,72,56,4.39,8,1.85,4,0.89,0.64,0.6,0.6,0.48
Image_4113,384,48,3,40,57,48,4.57,0,1.43,18,0.32,0.64,0.791,0.791,0.13
Image_4111,384,48,3,35,42,38,2.94,10,1.2,5,0.17,0.56,0.863,0.863,0.452
Image_4110,384,48,3,132,52,92,17.65,44,2.54,0,0.0,0.49,0.857,0.737,0.667
Image_4089,384,48,3,31,60,46,1.33,2,1.94,13,0.18,0.43,0.901,0.901,0.066
Image_4088,384,48,3,46,59,52,4.74,4,1.28,6,0.17,0.47,0.903,0.885,0.185
Image_4087,384,48,3,40,31,36,0.71,12,1.29,1,0.01,0.42,0.965,0.97,0.033
Image_4086,384,48,3,53,75,64,2.4,16,1.42,2,0.14,0.42,0.923,0.923,0.857
Image_4085,384,48,3,26,36,31,1.44,17,1.38,6,0.06,0.44,0.954,0.942,0.023
Image_4084,384,48,3,44,57,50,6.06,2,1.3,6,0.32,0.57,0.8,0.8,0.154
Image_4083,384,48,3,54,54,54,1.32,6,1.0,36,0.62,0.29,0.763,0.763,0.062
Image_4082,384,48,3,28,22,25,1.78,23,1.27,8,0.08,0.43,0.847,0.897,0.018
Image_4079,384,48,3,44,61,52,3.18,4,1.39,3,0.11,0.35,0.941,0.941,0.545
Image_4078,384,48,3,32,52,42,3.92,6,1.62,9,0.18,0.38,0.907,0.88,0.129
Image_4077,384,48,3,17,34,26,4.73,22,2.0,16,0.08,0.36,0.949,0.889,0.026
Image_4074,384,48,3,48,62,55,2.63,7,1.29,13,0.36,0.56,0.78,0.78,0.357
Image_4073,384,48,3,65,60,62,5.03,14,1.08,8,0.24,0.39,0.862,0.862,0.333
Image_4072,384,48,3,65,86,76,4.11,28,1.32,1,0.08,0.44,0.957,0.957,0.625
Image_4069,384,48,3,35,26,30,2.89,18,1.35,0,0.0,0.39,0.956,0.932,0.033
Image_4068,384,48,3,71,99,85,4.99,37,1.39,2,0.16,0.54,0.909,0.909,0.333
Image_4067,384,48,3,38,52,45,2.07,3,1.37,0,0.0,0.42,0.988,0.95,0.091
Image_4066,384,48,3,72,98,85,4.13,37,1.36,1,0.12,0.45,0.814,0.882,0.882
Image_4065,384,48,3,51,40,46,4.7,2,1.27,7,0.16,0.49,0.914,0.9,0.15
Image_4063,384,48,3,57,57,57,3.93,9,1.0,2,0.15,0.44,0.917,0.917,0.533
Image_4062,384,48,3,15,25,20,4.78,28,1.67,81,0.23,0.53,0.846,0.864,0.033
Image_3697,384,48,3,149,108,128,8.06,80,1.38,6,0.34,0.75,0.786,0.786,0.308
Image_3696,384,48,3,146,126,136,6.6,88,1.16,7,0.45,0.82,0.696,0.696,0.4
Image_3694,384,48,3,57,86,72,4.52,24,1.51,1,0.03,0.48,0.889,0.889,0.162
Image_3693,384,48,3,44,54,49,2.17,1,1.23,5,0.16,0.27,0.925,0.925,0.154
Image_3651,384,48,3,89,114,102,8.77,54,1.28,1,0.1,0.67,0.905,0.905,0.308
Image_3650,384,48,3,47,81,64,9.85,16,1.72,3,0.26,0.61,0.802,0.755,0.845
Image_3645,384,48,3,45,49,47,8.12,1,1.09,12,0.25,0.47,0.881,0.881,0.065
Image_3644,384,48,3,63,61,62,17.41,14,1.03,1,0.08,0.53,0.92,0.96,0.818
Image_3501,384,48,3,30,41,36,6.66,12,1.37,3,0.05,0.37,0.957,0.931,0.154
Image_3500,384,48,3,51,70,60,4.19,12,1.37,3,0.16,0.44,0.909,0.909,0.571
Image_3494,384,48,3,85,53,69,4.23,21,1.6,6,0.14,0.53,0.897,0.897,0.15
Image_3342,384,48,3,72,112,92,3.12,44,1.56,3,0.32,0.4,0.857,0.857,1.0
Image_3341,384,48,3,52,57,54,2.28,6,1.1,10,0.38,0.18,0.839,0.839,0.941
Image_3339,384,48,3,67,94,80,5.02,32,1.4,14,1.22,0.22,0.611,0.611,0.864
Image_3329,384,48,3,15,10,12,2.06,36,1.5,61,0.25,0.71,0.831,0.196,0.049
Image_3310,384,48,3,40,50,45,1.94,3,1.25,6,0.24,0.21,0.893,0.893,0.357
Image_3309,384,48,3,49,80,64,4.99,16,1.63,3,0.22,0.3,0.897,0.897,0.4
Image_3284,384,48,3,80,92,86,18.34,38,1.15,1,0.06,0.36,0.935,0.863,0.545
Image_3283,384,48,3,31,32,32,9.74,16,1.03,0,0.0,0.37,0.958,0.806,0.689
Image_3282,384,48,3,57,63,60,10.84,12,1.11,1,0.03,0.35,0.876,0.715,0.423
Image_3281,384,48,3,90,57,74,14.73,26,1.58,4,0.35,0.38,0.846,0.846,0.571
Image_3279,384,48,3,44,59,52,7.88,4,1.34,3,0.15,0.34,0.908,0.805,0.586
Image_3278,384,48,3,55,41,48,4.52,0,1.34,7,0.19,0.49,0.879,0.896,0.174
Image_3275,384,48,3,80,72,76,5.56,28,1.11,6,0.32,0.48,0.8,0.8,0.408
Image_3271,384,48,3,96,102,99,12.29,51,1.06,15,0.41,0.59,0.737,0.737,0.174
Image_3270,384,48,3,68,80,74,7.03,26,1.18,1,0.05,0.33,0.973,0.946,0.19
Image_3268,384,48,3,68,77,72,11.06,24,1.13,1,0.05,0.48,0.919,0.974,0.538
Image_3160,384,48,3,89,93,91,7.13,43,1.04,2,0.13,0.55,0.929,0.929,0.267
Image_2956,384,48,3,81,46,64,12.53,16,1.76,5,0.16,0.57,0.8,0.889,0.936
Image_2955,384,48,3,39,31,35,3.12,13,1.26,5,0.05,0.43,0.956,0.931,0.037
Image_2954,384,48,3,47,78,62,0.88,14,1.66,3,0.08,0.43,0.767,0.856,0.566
Image_2952,384,48,3,28,59,44,3.1,4,2.11,5,0.07,0.43,0.933,0.933,0.189
Image_2951,384,48,3,39,68,54,1.05,6,1.74,3,0.17,0.43,0.903,0.867,0.667
Image_2949,384,48,3,87,37,62,2.86,14,2.35,23,0.48,0.6,0.676,0.676,0.588
Image_2948,384,48,3,80,78,79,3.24,31,1.03,0,0.0,0.49,0.9,1.0,0.9
Image_2947,384,48,3,51,60,56,1.97,8,1.18,1,0.03,0.33,0.942,0.942,0.642
Image_2946,384,48,3,72,63,68,12.06,20,1.14,1,0.07,0.51,0.96,0.96,0.757
Image_2945,384,48,3,75,52,64,1.33,16,1.44,5,0.26,0.53,0.848,0.848,0.963
Image_2944,384,48,3,37,59,48,7.86,0,1.59,3,0.05,0.39,0.939,0.931,0.381
Image_2943,384,48,3,58,60,59,1.65,11,1.03,4,0.12,0.45,0.9,0.935,0.816
Image_2942,384,48,3,48,48,48,1.03,0,1.0,5,0.24,0.3,0.869,0.869,0.554
Image_2941,384,48,3,86,82,84,10.9,36,1.05,3,0.15,0.62,0.857,0.919,0.692
Image_2939,384,48,3,24,32,28,4.29,20,1.33,14,0.36,0.39,0.794,0.804,0.331
Image_2938,384,48,3,79,68,74,15.61,26,1.16,1,0.1,0.65,0.947,0.824,0.875
Image_2937,384,48,3,44,44,44,12.12,4,1.0,33,0.73,0.31,0.732,0.732,0.227
Image_2936,384,48,3,84,54,69,12.91,21,1.56,8,0.25,0.53,0.784,0.852,0.789
Image_2935,384,48,3,83,41,62,2.41,14,2.02,0,0.0,0.47,0.96,0.917,0.917
Image_2933,384,48,3,53,36,44,10.11,4,1.47,7,0.13,0.47,0.905,0.928,0.657
Image_2932,384,48,3,94,54,74,11.58,26,1.74,7,0.22,0.51,0.857,0.877,0.571
Image_2931,384,48,3,59,49,54,26.1,6,1.2,5,0.1,0.45,0.815,0.897,0.418
Image_2930,384,48,3,35,46,40,4.48,8,1.31,9,0.13,0.51,0.922,0.905,0.125
Image_2929,384,48,3,37,35,36,2.45,12,1.06,7,0.1,0.49,0.932,0.952,0.075
Image_2927,384,48,3,30,46,38,4.29,10,1.53,0,0.0,0.41,0.775,0.911,0.429
Image_2926,384,48,3,94,53,74,6.51,26,1.77,10,0.29,0.52,0.828,0.828,0.884
Image_2924,384,48,3,47,45,46,2.54,2,1.04,3,0.06,0.32,0.962,0.953,0.286
Image_2923,384,48,3,53,34,44,8.82,4,1.56,29,0.5,0.38,0.797,0.786,0.108
Image_2922,384,48,3,75,66,70,14.52,22,1.14,0,0.0,0.38,0.882,0.973,0.882
Image_2921,384,48,3,67,55,61,12.4,13,1.22,1,0.04,0.38,0.962,0.981,0.898
Image_2920,384,48,3,40,79,60,10.44,12,1.98,10,0.43,0.68,0.686,0.686,0.48
Image_2918,384,48,3,47,49,48,1.7,0,1.04,12,0.32,0.52,0.806,0.806,0.469
Image_2916,384,48,3,17,18,18,2.78,30,1.06,51,0.34,0.52,0.851,0.83,0.028
Image_2915,384,48,3,45,48,46,3.97,2,1.07,3,0.05,0.44,0.865,0.895,0.123
Image_2914,384,48,3,33,76,54,3.09,6,2.3,2,0.07,0.38,0.966,0.909,0.24
Image_2913,384,48,3,69,72,70,7.9,22,1.04,7,0.82,0.54,0.696,0.696,0.696
Image_2912,384,48,3,34,36,35,1.03,13,1.06,1,0.01,0.42,0.934,0.972,0.2
Image_2910,384,48,3,49,177,113,1.35,65,3.61,9,0.38,0.66,0.757,0.757,0.494
Image_2908,384,48,3,44,53,48,4.41,0,1.2,0,0.0,0.36,0.918,0.985,0.582
Image_2248,384,48,3,38,56,47,2.96,1,1.47,12,0.18,0.46,0.898,0.898,0.107
Image_2225,384,48,3,94,109,102,13.89,54,1.16,0,0.0,0.57,0.973,0.944,0.417
Image_2209,384,48,3,100,148,124,8.56,76,1.48,2,0.21,0.61,0.9,0.9,0.429
Image_2203,384,48,3,64,100,82,8.41,34,1.56,3,0.15,0.42,0.927,0.927,0.411
Image_2195,384,48,3,122,115,118,8.88,70,1.06,4,0.42,0.68,0.818,0.818,0.375
Image_2177,384,48,3,79,128,104,7.82,56,1.62,2,0.08,0.46,0.902,0.902,0.5
Image_2165,384,48,3,81,104,92,3.98,44,1.28,11,0.31,0.52,0.814,0.793,0.154
Image_2155,384,48,3,101,95,98,3.77,50,1.06,4,0.18,0.63,0.872,0.9,0.364
Image_2152,384,48,3,72,127,100,26.52,52,1.76,5,0.29,0.38,0.849,0.824,0.24
Image_2142,384,48,3,76,87,82,15.41,34,1.14,3,0.08,0.47,0.93,0.914,0.293
Image_2141,384,48,3,83,109,96,7.47,48,1.31,1,0.1,0.44,0.952,0.851,0.429
Image_2138,384,48,3,53,83,68,7.41,20,1.57,6,0.26,0.41,0.885,0.885,0.389
Image_2140,384,48,3,77,73,75,17.72,27,1.05,5,0.19,0.51,0.894,0.894,0.385
Image_2051,384,48,3,102,56,79,9.09,31,1.82,6,0.28,0.66,0.833,0.833,0.235
Image_2036,384,48,3,76,51,64,4.55,16,1.49,5,0.15,0.77,0.857,0.815,0.5
Image_2035,384,48,3,108,40,74,5.26,26,2.7,13,0.31,0.79,0.738,0.758,0.377
Image_2026,384,48,3,83,58,70,4.52,22,1.43,7,0.3,0.85,0.821,0.821,0.769
Image_2019,384,48,3,119,81,100,5.13,52,1.47,16,0.52,0.83,0.636,0.636,0.324
Image_2018,384,48,3,34,73,54,4.33,6,2.15,29,0.3,0.7,0.78,0.788,0.085
Image_2011,384,48,3,55,35,45,2.34,3,1.57,53,0.4,0.69,0.749,0.749,0.049
Image_2009,384,48,3,29,22,26,0.94,22,1.32,316,0.61,0.77,0.556,0.556,0.02
Image_2008,384,48,3,51,46,48,2.13,0,1.11,77,0.64,0.8,0.522,0.522,0.091
Image_2007,384,48,3,41,36,38,13.34,10,1.14,46,0.3,0.67,0.811,0.7,0.036
Image_2005,384,48,3,31,24,28,0.47,20,1.29,195,0.58,0.78,0.589,0.589,0.051
Image_2004,384,48,3,35,22,28,1.89,20,1.59,253,0.53,0.73,0.641,0.641,0.018
Image_1493,384,48,3,17,28,22,1.32,26,1.65,52,3.35,0.27,0.361,0.356,0.029
Image_1463,384,48,3,31,37,34,6.78,14,1.19,12,0.25,0.31,0.872,0.863,0.0
Image_1461,384,48,3,15,23,19,1.67,29,1.53,69,2.26,0.37,0.461,0.458,0.078
Image_1456,384,48,3,15,21,18,2.32,30,1.4,60,0.48,0.49,0.781,0.778,0.04
Image_1130,384,48,3,15,10,12,1.7,36,1.5,22,0.56,0.92,0.248,0.248,0.0
Image_1106,384,48,3,31,28,30,5.92,18,1.11,2,0.04,0.65,0.5,0.406,0.166
Image_998,384,48,3,34,42,38,2.51,10,1.24,1,0.04,0.6,0.837,0.649,0.506
Image_996,384,48,3,59,78,68,8.63,20,1.32,1,0.06,0.55,0.88,0.912,0.912
Image_993,384,48,3,59,75,67,11.75,19,1.27,5,0.4,0.36,0.828,0.828,0.919
Image_991,384,48,3,18,29,24,1.05,24,1.61,18,0.16,0.66,0.746,0.717,0.059
Image_990,384,48,3,19,27,23,0.94,25,1.42,2,0.02,0.64,0.686,0.701,0.052
Image_989,384,48,3,27,82,54,8.61,6,3.04,4,0.05,0.52,0.868,0.803,0.11
Image_988,384,48,3,57,114,86,2.34,38,2.0,4,0.24,0.46,0.857,0.857,0.667
Image_985,384,48,3,30,46,38,6.6,10,1.53,13,0.2,0.66,0.766,0.766,0.037
Image_907,384,48,3,48,125,86,11.0,38,2.6,13,0.31,0.67,0.667,0.708,0.129
Image_906,384,48,3,13,28,20,3.02,28,2.15,10,0.04,0.62,0.635,0.751,0.0
Image_701,384,48,3,40,73,56,2.83,8,1.82,9,0.13,0.45,0.878,0.84,0.065
Image_693,384,48,3,61,84,72,2.03,24,1.38,4,0.19,0.5,0.895,0.895,0.381
Image_680,384,48,3,53,145,99,4.26,51,2.74,6,0.32,0.58,0.8,0.8,0.667
Image_349,384,48,3,51,100,76,2.28,28,1.96,8,0.25,0.47,0.859,0.846,0.098
Image_342,384,48,3,49,64,56,21.39,8,1.31,6,0.1,0.51,0.891,0.9,0.091
Image_336,384,48,3,35,45,40,4.14,8,1.29,140,0.89,0.93,0.186,0.186,0.0
Image_330,384,48,3,84,111,98,8.1,50,1.32,30,0.54,0.69,0.625,0.625,0.148
Image_317,384,48,3,16,25,20,3.57,28,1.56,5,0.26,0.69,0.69,0.348,0.364
Image_313,384,48,3,83,125,104,10.78,56,1.51,31,0.57,0.68,0.597,0.597,0.296
Image_293,384,48,3,45,72,58,6.54,10,1.6,15,0.27,0.47,0.845,0.845,0.217
Image_291,384,48,3,54,99,76,11.11,28,1.83,4,0.38,0.45,0.755,0.833,0.833
Image_286,384,48,3,53,87,70,13.14,22,1.64,6,0.36,0.55,0.769,0.769,0.286
Image_2,384,48,3,50,82,66,1.94,18,1.64,2,0.31,0.4,0.857,0.857,0.857
Image_7645,384,64,3,43,145,94,5.91,30,3.37,26,0.64,0.79,0.519,0.519,0.533
Image_7095,384,64,3,35,116,76,3.4,12,3.31,33,0.4,0.56,0.713,0.742,0.11
Image_7661,384,64,3,30,41,36,3.7,28,1.37,15,0.29,0.48,0.828,0.828,0.235
Image_7662,384,64,3,47,35,41,3.97,23,1.34,4,0.12,0.44,0.921,0.938,0.125
Image_6661,384,64,3,11,12,12,0.71,52,1.09,67,0.22,0.67,0.872,0.814,0.051
Image_6660,384,64,3,279,30,154,2.16,90,9.3,5,0.32,0.87,0.235,0.125,0.424
Image_6659,384,64,3,40,323,182,2.49,118,8.07,6,0.39,0.76,0.333,0.421,0.444
Image_6658,384,64,3,15,9,12,1.7,52,1.67,168,0.32,0.79,0.274,0.294,0.0
Image_6657,384,64,3,25,25,25,7.83,39,1.0,12,0.11,0.45,0.854,0.73,0.263
Image_6656,384,64,3,29,30,30,2.13,34,1.03,9,0.08,0.38,0.952,0.952,0.131
Image_6655,384,64,3,9,73,41,1.47,23,8.11,33,0.12,0.56,0.37,0.404,0.0
Image_6653,384,64,3,17,21,19,1.48,45,1.24,13,0.04,0.51,0.908,0.862,0.013
Image_6652,384,64,3,41,79,60,1.73,4,1.93,3,0.1,0.31,0.905,0.952,0.881
Image_6651,384,64,3,40,151,96,5.4,32,3.77,4,0.26,0.7,0.399,0.399,0.324
Image_6650,384,64,3,75,90,82,4.31,18,1.2,12,1.41,0.25,0.571,0.571,0.71
Image_6649,384,64,3,17,46,32,18.54,32,2.71,4,0.04,0.51,0.675,0.444,0.053
Image_6648,384,64,3,20,19,20,1.09,44,1.05,9,0.23,0.6,0.841,0.829,0.08
Image_6645,384,64,3,34,32,33,2.78,31,1.06,1,0.03,0.36,0.986,0.986,0.364
Image_6644,384,64,3,6,12,9,0.71,55,2.0,116,0.19,0.81,0.696,0.617,0.056
Image_5944,384,64,3,40,57,48,2.85,16,1.43,2,0.15,0.41,0.815,0.72,0.348
Image_5940,384,64,3,78,79,78,13.21,14,1.01,12,0.77,0.35,0.714,0.656,0.138
Image_5939,384,64,3,83,133,108,18.67,44,1.6,5,1.43,0.64,0.48,0.545,0.857
Image_5938,384,64,3,57,88,72,6.97,8,1.54,9,0.4,0.41,0.83,0.797,0.693
Image_5936,384,64,3,54,69,62,2.19,2,1.28,10,1.18,0.24,0.615,0.589,1.0
Image_5934,384,64,3,61,84,72,7.26,8,1.38,0,0.0,0.45,0.903,0.903,0.462
Image_5933,384,64,3,79,44,62,6.98,2,1.8,1,0.07,0.49,0.818,0.7,0.323
Image_5932,384,64,3,99,64,82,4.21,18,1.55,3,0.17,0.35,0.919,0.919,0.947
Image_5931,384,64,3,86,137,112,8.67,48,1.59,5,1.11,0.75,0.615,0.615,0.364
Image_5930,384,64,3,65,71,68,2.72,4,1.09,1,0.06,0.6,0.75,0.846,0.691
Image_5929,384,64,3,32,57,44,3.11,20,1.78,28,0.58,0.28,0.774,0.774,0.383
Image_5926,384,64,3,42,73,58,1.05,6,1.74,2,0.24,0.39,0.836,0.836,0.698
Image_5925,384,64,3,138,98,118,19.77,54,1.41,13,1.37,0.29,0.581,0.56,0.167
Image_5924,384,64,3,101,103,102,6.4,38,1.02,9,1.2,0.26,0.609,0.609,0.897
Image_5923,384,64,3,81,68,74,3.3,10,1.19,0,0.0,0.47,0.96,0.818,0.8
Image_5922,384,64,3,26,36,31,0.94,33,1.38,14,0.28,0.61,0.833,0.744,0.167
Image_5921,384,64,3,51,76,64,1.82,0,1.49,8,0.36,0.36,0.846,0.846,0.462
Image_5918,384,64,3,72,53,62,3.25,2,1.36,4,0.47,0.48,0.706,0.645,0.642
Image_5917,384,64,3,53,74,64,1.57,0,1.4,2,0.19,0.54,0.816,0.816,0.764
Image_5915,384,64,3,49,56,52,2.87,12,1.14,0,0.0,0.45,0.909,0.909,0.48
Image_5602,384,64,3,54,74,64,1.57,0,1.37,10,0.32,0.53,0.784,0.784,0.654
Image_5601,384,64,3,54,74,64,1.67,0,1.37,7,0.24,0.54,0.863,0.863,0.819
Image_5600,384,64,3,21,24,22,1.05,42,1.14,13,0.1,0.41,0.927,0.923,0.026
Image_5598,384,64,3,58,79,68,1.71,4,1.36,23,0.49,0.63,0.667,0.667,0.148
Image_5596,384,64,3,35,49,42,4.73,22,1.4,2,0.05,0.44,0.976,0.963,0.261
Image_5595,384,64,3,69,92,80,4.59,16,1.33,1,0.07,0.54,0.966,0.966,0.636
Image_5594,384,64,3,60,77,68,2.89,4,1.28,14,0.47,0.67,0.682,0.651,0.393
Image_5593,384,64,3,49,65,57,3.83,7,1.33,5,0.18,0.47,0.88,0.809,0.748
Image_5592,384,64,3,37,21,29,1.18,35,1.76,10,0.1,0.41,0.949,0.933,0.021
Image_5591,384,64,3,65,47,56,2.98,8,1.38,12,0.27,0.48,0.842,0.842,0.306
Image_5590,384,64,3,74,102,88,7.77,24,1.38,1,0.05,0.45,0.8,0.759,0.835
Image_5588,384,64,3,36,42,39,2.51,25,1.17,21,0.3,0.49,0.824,0.824,0.339
Image_5587,384,64,3,57,72,64,2.1,0,1.26,10,0.38,0.58,0.7,0.667,0.707
Image_5585,384,64,3,44,59,52,3.3,12,1.34,15,0.32,0.51,0.81,0.795,0.3
Image_5584,384,64,3,37,27,32,3.11,32,1.37,11,0.18,0.5,0.893,0.862,0.175
Image_5583,384,64,3,52,68,60,2.11,4,1.31,2,0.19,0.33,0.909,0.909,0.857
Image_5582,384,64,3,37,38,38,2.05,26,1.03,15,0.46,0.25,0.81,0.81,0.379
Image_5581,384,64,3,72,101,86,4.3,22,1.4,2,0.31,0.6,0.857,0.857,0.667
Image_5580,384,64,3,42,48,45,1.94,19,1.14,12,0.22,0.54,0.875,0.875,0.25
Image_5576,384,64,3,44,48,46,4.38,18,1.09,13,0.16,0.55,0.912,0.897,0.206
Image_5575,384,64,3,69,73,71,3.01,7,1.06,5,0.67,0.48,0.737,0.737,0.857
Image_5574,384,64,3,20,21,20,1.09,44,1.05,17,0.16,0.49,0.914,0.856,0.138
Image_5573,384,64,3,42,43,42,2.25,22,1.02,3,0.13,0.24,0.939,0.939,0.323
Image_5572,384,64,3,60,96,78,7.49,14,1.6,7,2.8,0.39,0.364,0.364,0.0
Image_5571,384,64,3,51,65,58,1.59,6,1.27,6,0.23,0.5,0.87,0.844,0.795
Image_5568,384,64,3,38,49,44,9.86,20,1.29,13,0.3,0.49,0.822,0.822,0.308
Image_5567,384,64,3,45,41,43,6.13,21,1.1,6,0.13,0.35,0.938,0.917,0.075
Image_5566,384,64,3,60,74,67,9.57,3,1.23,4,0.14,0.27,0.935,0.935,0.5
Image_5563,384,64,3,17,12,14,2.03,50,1.42,35,0.16,0.67,0.907,0.886,0.103
Image_5390,384,64,3,84,53,68,10.3,4,1.58,5,0.53,0.32,0.783,0.746,0.353
Image_5386,384,64,3,51,77,64,1.97,0,1.51,2,0.16,0.37,0.923,0.923,0.88
Image_5382,384,64,3,48,65,56,2.34,8,1.35,2,0.17,0.6,0.778,0.706,0.577
Image_5380,384,64,3,94,76,85,6.04,21,1.24,1,0.12,0.44,0.941,0.941,0.875
Image_5378,384,64,3,76,73,74,2.42,10,1.04,1,0.1,0.55,0.952,0.905,0.267
Image_5376,384,64,3,100,77,88,6.25,24,1.3,3,0.29,0.54,0.87,0.829,0.96
Image_5375,384,64,3,100,79,90,7.9,26,1.27,5,0.37,0.35,0.839,0.839,0.839
Image_5372,384,64,3,57,47,52,5.72,12,1.21,13,0.7,0.28,0.735,0.735,0.967
Image_5371,384,64,3,53,52,52,3.28,12,1.02,20,0.82,0.19,0.706,0.706,0.827
Image_5369,384,64,3,42,50,46,5.72,18,1.19,3,0.13,0.43,0.919,0.939,0.424
Image_5368,384,64,3,26,24,25,1.72,39,1.08,13,0.09,0.46,0.932,0.939,0.026
Image_5367,384,64,3,19,31,25,0.47,39,1.63,28,0.16,0.47,0.905,0.911,0.026
Image_5366,384,64,3,26,37,32,1.56,32,1.42,1,0.02,0.43,0.955,0.895,0.394
Image_5364,384,64,3,49,56,52,2.57,12,1.14,7,0.23,0.43,0.868,0.868,0.85
Image_5363,384,64,3,31,40,36,3.71,28,1.29,4,0.13,0.33,0.939,0.939,0.108
Image_5361,384,64,3,29,43,36,4.15,28,1.48,9,0.49,0.29,0.8,0.8,0.138
Image_5360,384,64,3,29,40,34,2.55,30,1.38,2,0.03,0.38,0.953,0.953,0.243
Image_5359,384,64,3,17,24,20,0.64,44,1.41,3,0.1,0.48,0.952,0.905,0.706
Image_5358,384,64,3,55,73,64,3.13,0,1.33,4,0.14,0.41,0.926,0.926,0.571
Image_5149,384,64,3,25,32,28,2.16,36,1.28,17,0.18,0.51,0.913,0.894,0.035
Image_5143,384,64,3,23,45,34,8.85,30,1.96,17,0.21,0.6,0.865,0.857,0.062
Image_5142,384,64,3,22,29,26,3.27,38,1.32,15,0.08,0.49,0.919,0.91,0.01
Image_4970,384,64,3,35,46,40,1.87,24,1.31,6,0.12,0.54,0.901,0.901,0.268
Image_4969,384,64,3,38,28,33,5.18,31,1.36,21,0.16,0.46,0.884,0.865,0.035
Image_4967,384,64,3,65,99,82,3.4,18,1.52,3,0.18,0.52,0.858,0.757,0.643
Image_4966,384,64,3,60,83,72,6.22,8,1.38,17,0.58,0.33,0.773,0.773,0.441
Image_4965,384,64,3,75,120,98,17.03,34,1.6,5,0.48,0.6,0.8,0.8,0.696
Image_4964,384,64,3,41,55,48,8.38,16,1.34,18,0.26,0.47,0.85,0.85,0.111
Image_4963,384,64,3,19,31,25,2.49,39,1.63,44,0.17,0.5,0.899,0.908,0.018
Image_4962,384,64,3,37,41,39,5.26,25,1.11,4,0.12,0.39,0.885,0.764,0.393
Image_4961,384,64,3,10,17,14,1.97,50,1.7,64,0.15,0.66,0.863,0.802,0.052
Image_4960,384,64,3,59,84,72,19.51,8,1.42,6,0.26,0.37,0.849,0.885,0.867
Image_4959,384,64,3,38,62,50,1.65,14,1.63,0,0.0,0.49,0.735,0.622,0.268
Image_4958,384,64,3,44,60,52,11.44,12,1.36,7,0.06,0.4,0.941,0.894,0.033
Image_4957,384,64,3,26,35,30,9.81,34,1.35,29,0.24,0.49,0.821,0.827,0.073
Image_4956,384,64,3,27,45,36,7.56,28,1.67,18,0.15,0.5,0.894,0.873,0.057
Image_4955,384,64,3,35,46,40,9.02,24,1.31,9,0.06,0.37,0.892,0.88,0.027
Image_4954,384,64,3,43,66,54,9.37,10,1.53,1,0.03,0.63,0.776,0.696,0.518
Image_4953,384,64,3,30,52,41,7.53,23,1.73,15,0.23,0.46,0.842,0.852,0.175
Image_4952,384,64,3,19,23,21,3.12,43,1.21,73,0.23,0.55,0.855,0.847,0.016
Image_4951,384,64,3,22,19,20,3.11,44,1.16,44,0.21,0.64,0.852,0.817,0.0
Image_4950,384,64,3,41,54,48,11.93,16,1.32,10,0.23,0.53,0.868,0.868,0.195
Image_4949,384,64,3,24,35,30,3.76,34,1.46,11,0.1,0.52,0.902,0.896,0.021
Image_4948,384,64,3,81,140,110,17.37,46,1.73,10,1.18,0.57,0.519,0.519,0.733
Image_4947,384,64,3,20,35,28,3.65,36,1.75,64,0.24,0.49,0.86,0.853,0.019
Image_4946,384,64,3,40,56,48,12.03,16,1.4,12,0.2,0.34,0.893,0.879,0.315
Image_4945,384,64,3,33,44,38,1.26,26,1.33,5,0.11,0.48,0.892,0.722,0.328
Image_4944,384,64,3,24,32,28,4.51,36,1.33,27,0.35,0.62,0.784,0.723,0.119
Image_4943,384,64,3,42,64,53,2.46,11,1.52,26,0.28,0.51,0.818,0.818,0.06
Image_4942,384,64,3,49,78,64,2.21,0,1.59,20,0.55,0.33,0.783,0.774,0.526
Image_4941,384,64,3,31,42,36,3.71,28,1.35,16,0.08,0.37,0.933,0.873,0.023
Image_4940,384,64,3,53,98,76,5.22,12,1.85,12,0.62,0.26,0.76,0.744,0.83
Image_4939,384,64,3,70,95,82,16.33,18,1.36,2,0.11,0.49,0.922,0.865,0.598
Image_4938,384,64,3,26,51,38,9.32,26,1.96,20,0.25,0.53,0.809,0.772,0.158
Image_4933,384,64,3,77,59,68,8.67,4,1.31,2,0.04,0.43,0.912,0.912,0.071
Image_4924,384,64,3,36,59,48,4.56,16,1.64,8,0.11,0.52,0.819,0.881,0.282
Image_4923,384,64,3,39,59,49,4.47,15,1.51,1,0.03,0.5,0.792,0.836,0.784
Image_4908,384,64,3,42,74,58,7.45,6,1.76,9,0.58,0.38,0.749,0.769,0.694
Image_4904,384,64,3,60,86,73,9.72,9,1.43,4,0.53,0.33,0.778,0.778,1.0
Image_4903,384,64,3,56,73,64,3.09,0,1.3,2,0.1,0.4,0.947,0.947,0.364
Image_4885,384,64,3,51,41,46,6.71,18,1.24,2,0.15,0.74,0.375,0.375,0.426
Image_4875,384,64,3,57,74,66,4.85,2,1.3,12,0.23,0.55,0.844,0.844,0.095
Image_4874,384,64,3,43,66,54,5.17,10,1.53,25,0.27,0.47,0.845,0.838,0.111
Image_4502,384,64,3,23,312,168,3.28,104,13.57,19,0.47,0.72,0.182,0.14,0.0
Image_4501,384,64,3,20,321,170,5.21,106,16.05,15,0.45,0.79,0.167,0.263,0.158
Image_4500,384,64,3,44,351,198,8.12,134,7.98,4,0.32,0.79,0.286,0.5,0.0
Image_4497,384,64,3,24,301,162,11.72,98,12.54,36,0.71,0.83,0.182,0.214,0.205
Image_4496,384,64,3,27,337,182,10.04,118,12.48,92,0.87,0.92,0.142,0.142,0.276
Image_4494,384,64,3,14,285,150,11.98,86,20.36,70,0.73,0.79,0.286,0.255,0.194
Image_4493,384,64,3,19,308,164,2.21,100,16.21,8,0.3,0.8,0.0,0.207,0.414
Image_4409,384,64,3,48,80,64,13.0,0,1.67,11,0.54,0.75,0.621,0.621,0.741
Image_4407,384,64,3,20,39,30,18.12,34,1.95,12,0.15,0.48,0.843,0.763,0.614
Image_4406,384,64,3,13,27,20,11.5,44,2.08,1,0.07,0.59,0.87,0.917,0.909
Image_4296,384,64,3,59,67,63,3.89,1,1.14,3,0.08,0.39,0.939,0.939,0.359
Image_4286,384,64,3,17,27,22,4.13,42,1.59,59,0.15,0.48,0.897,0.886,0.012
Image_4175,384,64,3,78,126,102,4.58,38,1.62,5,0.3,0.72,0.841,0.786,0.578
Image_4170,384,64,3,29,119,74,5.58,10,4.1,16,0.32,0.6,0.63,0.667,0.105
Image_4123,384,64,3,69,61,65,10.97,1,1.13,1,0.07,0.54,0.923,0.88,0.519
Image_4122,384,64,3,68,111,90,16.9,26,1.63,2,0.19,0.6,0.865,0.816,0.364
Image_4121,384,64,3,69,108,88,7.0,24,1.57,8,0.43,0.68,0.714,0.714,0.667
Image_4120,384,64,3,43,56,50,3.53,14,1.3,20,0.3,0.53,0.811,0.821,0.08
Image_4119,384,64,3,78,112,95,2.49,31,1.44,5,0.67,0.37,0.737,0.737,1.0
Image_4116,384,64,3,59,80,70,4.25,6,1.36,0,0.0,0.47,0.929,0.846,0.211
Image_4115,384,64,3,39,72,56,4.39,8,1.85,2,0.31,0.7,0.789,0.706,0.48
Image_4113,384,64,3,40,57,48,4.57,16,1.43,24,0.39,0.64,0.742,0.742,0.0
Image_4111,384,64,3,35,42,38,2.94,26,1.2,10,0.29,0.63,0.741,0.786,0.789
Image_4110,384,64,3,132,52,92,17.65,28,2.54,7,1.27,0.3,0.588,0.588,0.857
Image_4089,384,64,3,31,60,46,1.33,18,1.94,18,0.23,0.44,0.868,0.859,0.127
Image_4088,384,64,3,46,59,52,4.74,12,1.28,1,0.04,0.43,0.945,0.883,0.522
Image_4087,384,64,3,40,31,36,0.71,28,1.29,16,0.12,0.47,0.932,0.937,0.033
Image_4086,384,64,3,53,75,64,2.4,0,1.42,2,0.19,0.37,0.909,0.909,0.957
Image_4085,384,64,3,26,36,31,1.44,33,1.38,9,0.12,0.39,0.933,0.933,0.045
Image_4084,384,64,3,44,57,50,6.06,14,1.3,1,0.07,0.51,0.917,0.96,0.286
Image_4083,384,64,3,54,54,54,1.32,10,1.0,35,0.59,0.3,0.771,0.771,0.082
Image_4082,384,64,3,28,22,25,1.78,39,1.27,9,0.09,0.41,0.908,0.897,0.122
Image_4079,384,64,3,44,61,52,3.18,12,1.39,5,0.26,0.25,0.884,0.884,0.703
Image_4078,384,64,3,32,52,42,3.92,22,1.62,0,0.0,0.42,0.955,0.885,0.098
Image_4077,384,64,3,17,34,26,4.73,38,2.0,52,0.31,0.31,0.864,0.862,0.018
Image_4074,384,64,3,48,62,55,2.63,9,1.29,3,0.11,0.41,0.917,0.87,0.686
Image_4073,384,64,3,65,60,62,5.03,2,1.08,1,0.04,0.28,0.98,0.98,0.718
Image_4072,384,64,3,65,86,76,4.11,12,1.32,2,0.21,0.44,0.852,0.852,0.9
Image_4069,384,64,3,35,26,30,2.89,34,1.35,15,0.11,0.4,0.94,0.923,0.033
Image_4068,384,64,3,71,99,85,4.99,21,1.39,4,0.62,0.43,0.75,0.75,0.667
Image_4067,384,64,3,38,52,45,2.07,19,1.37,1,0.02,0.38,0.988,0.964,0.133
Image_4066,384,64,3,72,98,85,4.13,21,1.36,3,0.46,0.49,0.741,0.8,0.816
Image_4065,384,64,3,51,40,46,4.7,18,1.27,2,0.06,0.43,0.972,0.972,0.426
Image_4063,384,64,3,57,57,57,3.93,7,1.0,6,1.09,0.27,0.625,0.625,0.9
Image_4062,384,64,3,15,25,20,4.78,44,1.67,0,0.0,0.48,0.852,0.832,0.048
Image_3697,384,64,3,149,108,128,8.06,64,1.38,1,0.1,0.75,0.952,0.952,0.308
Image_3696,384,64,3,146,126,136,6.6,72,1.16,6,0.41,0.86,0.727,0.727,0.0
Image_3694,384,64,3,57,86,72,4.52,8,1.51,3,0.1,0.44,0.923,0.923,0.371
Image_3693,384,64,3,44,54,49,2.17,15,1.23,7,0.24,0.22,0.892,0.892,0.364
Image_3651,384,64,3,89,114,102,8.77,38,1.28,6,1.09,0.64,0.625,0.625,0.429
Image_3650,384,64,3,47,81,64,9.85,0,1.72,8,1.23,0.69,0.462,0.522,0.667
Image_3645,384,64,3,45,49,47,8.12,17,1.09,18,0.42,0.49,0.815,0.824,0.182
Image_3644,384,64,3,63,61,62,17.41,2,1.03,7,1.08,0.63,0.632,0.632,0.556
Image_3501,384,64,3,30,41,36,6.66,28,1.37,1,0.02,0.4,0.983,0.975,0.125
Image_3500,384,64,3,51,70,60,4.19,4,1.37,2,0.15,0.38,0.929,0.929,0.75
Image_3494,384,64,3,85,53,69,4.23,5,1.6,5,0.15,0.47,0.914,0.928,0.15
Image_3342,384,64,3,72,112,92,3.12,28,1.56,1,0.07,0.48,0.96,0.96,0.8
Image_3341,384,64,3,52,57,54,2.28,10,1.1,3,0.09,0.31,0.928,0.957,0.857
Image_3339,384,64,3,67,94,80,5.02,16,1.4,12,0.89,0.33,0.684,0.684,0.75
Image_3329,384,64,3,15,10,12,2.06,52,1.5,91,0.34,0.75,0.734,0.319,0.073
Image_3310,384,64,3,40,50,45,1.94,19,1.25,10,0.47,0.15,0.808,0.808,0.558
Image_3309,384,64,3,49,80,64,4.99,0,1.63,4,0.32,0.23,0.857,0.857,0.545
Image_3284,384,64,3,80,92,86,18.34,22,1.15,5,0.43,0.31,0.815,0.815,0.738
Image_3283,384,64,3,31,32,32,9.74,32,1.03,8,0.18,0.49,0.861,0.889,0.569
Image_3282,384,64,3,57,63,60,10.84,4,1.11,3,0.11,0.34,0.86,0.798,0.524
Image_3281,384,64,3,90,57,74,14.73,10,1.58,4,0.35,0.38,0.846,0.846,0.571
Image_3279,384,64,3,44,59,52,7.88,12,1.34,4,0.21,0.33,0.883,0.905,0.686
Image_3278,384,64,3,55,41,48,4.52,16,1.34,18,0.37,0.57,0.753,0.753,0.125
Image_3275,384,64,3,80,72,76,5.56,12,1.11,12,0.49,0.6,0.667,0.667,0.571
Image_3271,384,64,3,96,102,99,12.29,35,1.06,10,0.32,0.59,0.808,0.808,0.174
Image_3270,384,64,3,68,80,74,7.03,10,1.18,5,0.34,0.34,0.848,0.822,0.417
Image_3268,384,64,3,68,77,72,11.06,8,1.13,1,0.05,0.52,0.974,0.947,0.515
Image_3160,384,64,3,89,93,91,7.13,27,1.04,3,0.29,0.52,0.87,0.87,0.267
Image_2956,384,64,3,81,46,64,12.53,0,1.76,7,0.38,0.52,0.748,0.837,0.958
Image_2955,384,64,3,39,31,35,3.12,29,1.26,17,0.14,0.47,0.896,0.916,0.037
Image_2954,384,64,3,47,78,62,0.88,2,1.66,19,0.33,0.55,0.733,0.787,0.19
Image_2952,384,64,3,28,59,44,3.1,20,2.11,3,0.05,0.38,0.938,0.922,0.229
Image_2951,384,64,3,39,68,54,1.05,10,1.74,1,0.06,0.41,0.889,0.846,0.632
Image_2949,384,64,3,87,37,62,2.86,2,2.35,11,0.31,0.51,0.793,0.814,0.527
Image_2948,384,64,3,80,78,79,3.24,15,1.03,6,1.09,0.33,0.625,0.625,0.706
Image_2947,384,64,3,51,60,56,1.97,8,1.18,1,0.03,0.34,0.943,0.972,0.435
Image_2946,384,64,3,72,63,68,12.06,4,1.14,5,0.67,0.37,0.737,0.737,0.909
Image_2945,384,64,3,75,52,64,1.33,0,1.44,6,0.29,0.56,0.824,0.824,0.966
Image_2944,384,64,3,37,59,48,7.86,16,1.59,0,0.0,0.4,0.894,0.929,0.419
Image_2943,384,64,3,58,60,59,1.65,5,1.03,11,0.59,0.31,0.766,0.766,0.926
Image_2942,384,64,3,48,48,48,1.03,16,1.0,7,0.38,0.3,0.817,0.837,0.78
Image_2941,384,64,3,86,82,84,10.9,20,1.05,5,0.22,0.72,0.811,0.872,0.381
Image_2939,384,64,3,24,32,28,4.29,36,1.33,13,0.33,0.38,0.838,0.838,0.605
Image_2938,384,64,3,79,68,74,15.61,10,1.16,1,0.12,0.57,0.814,0.814,0.941
Image_2937,384,64,3,44,44,44,12.12,20,1.0,31,0.65,0.29,0.752,0.752,0.098
Image_2936,384,64,3,84,54,69,12.91,5,1.56,3,0.15,0.44,0.908,0.908,0.913
Image_2935,384,64,3,83,41,62,2.41,2,2.02,1,0.08,0.48,0.96,0.96,1.0
Image_2933,384,64,3,53,36,44,10.11,20,1.47,56,0.55,0.63,0.616,0.616,0.235
Image_2932,384,64,3,94,54,74,11.58,10,1.74,10,0.65,0.3,0.75,0.75,0.718
Image_2931,384,64,3,59,49,54,26.1,10,1.2,4,0.08,0.44,0.779,0.932,0.436
Image_2930,384,64,3,35,46,40,4.48,24,1.31,14,0.19,0.54,0.879,0.887,0.261
Image_2929,384,64,3,37,35,36,2.45,28,1.06,4,0.05,0.48,0.904,0.918,0.099
Image_2927,384,64,3,30,46,38,4.29,26,1.53,13,0.36,0.35,0.837,0.816,0.343
Image_2926,384,64,3,94,53,74,6.51,10,1.77,1,0.04,0.42,0.887,0.957,0.909
Image_2924,384,64,3,47,45,46,2.54,18,1.04,13,0.19,0.44,0.893,0.893,0.138
Image_2923,384,64,3,53,34,44,8.82,20,1.56,34,0.65,0.4,0.748,0.748,0.151
Image_2922,384,64,3,75,66,70,14.52,6,1.14,6,0.44,0.26,0.813,0.813,0.973
Image_2921,384,64,3,67,55,61,12.4,3,1.22,6,0.28,0.32,0.875,0.875,0.773
Image_2920,384,64,3,40,79,60,10.44,4,1.98,6,0.31,0.65,0.733,0.733,0.381
Image_2918,384,64,3,47,49,48,1.7,16,1.04,11,0.3,0.5,0.82,0.82,0.677
Image_2916,384,64,3,17,18,18,2.78,46,1.06,3,0.02,0.54,0.885,0.81,0.038
Image_2915,384,64,3,45,48,46,3.97,18,1.07,24,0.64,0.38,0.755,0.755,0.253
Image_2914,384,64,3,33,76,54,3.09,10,2.3,0,0.0,0.32,0.902,0.833,0.486
Image_2913,384,64,3,69,72,70,7.9,6,1.04,11,2.44,0.43,0.421,0.421,0.696
Image_2912,384,64,3,34,36,35,1.03,29,1.06,2,0.03,0.42,0.943,0.928,0.177
Image_2910,384,64,3,49,177,113,1.35,49,3.61,5,0.26,0.66,0.813,0.813,0.522
Image_2908,384,64,3,44,53,48,4.41,16,1.2,5,0.18,0.33,0.903,0.918,0.862
Image_2248,384,64,3,38,56,47,2.96,17,1.47,4,0.07,0.41,0.882,0.925,0.262
Image_2225,384,64,3,94,109,102,13.89,38,1.16,5,0.34,0.51,0.848,0.848,0.417
Image_2209,384,64,3,100,148,124,8.56,60,1.48,3,0.35,0.6,0.842,0.842,0.533
Image_2203,384,64,3,64,100,82,8.41,18,1.56,3,0.15,0.48,0.927,0.927,0.514
Image_2195,384,64,3,122,115,118,8.88,54,1.06,4,0.42,0.68,0.818,0.818,0.267
Image_2177,384,64,3,79,128,104,7.82,40,1.62,6,0.28,0.41,0.875,0.856,0.364
Image_2165,384,64,3,81,104,92,3.98,28,1.28,4,0.14,0.45,0.902,0.923,0.286
Image_2155,384,64,3,101,95,98,3.77,34,1.06,5,0.37,0.56,0.839,0.839,0.364
Image_2152,384,64,3,72,127,100,26.52,36,1.76,10,0.8,0.34,0.706,0.684,0.37
Image_2142,384,64,3,76,87,82,15.41,18,1.14,2,0.05,0.5,0.958,0.928,0.158
Image_2141,384,64,3,83,109,96,7.47,32,1.31,4,0.53,0.38,0.778,0.778,0.308
Image_2138,384,64,3,53,83,68,7.41,4,1.57,12,0.69,0.33,0.739,0.739,0.585
Image_2140,384,64,3,77,73,75,17.72,11,1.05,2,0.1,0.46,0.95,0.926,0.552
Image_2051,384,64,3,102,56,79,9.09,15,1.82,4,0.21,0.65,0.882,0.882,0.235
Image_2036,384,64,3,76,51,64,4.55,0,1.49,4,0.17,0.73,0.881,0.791,0.714
Image_2035,384,64,3,108,40,74,5.26,10,2.7,8,0.22,0.78,0.759,0.714,0.499
Image_2026,384,64,3,83,58,70,4.52,6,1.43,2,0.14,0.83,0.866,0.933,0.968
Image_2019,384,64,3,119,81,100,5.13,36,1.47,12,0.45,0.82,0.7,0.7,0.364
Image_2018,384,64,3,34,73,54,4.33,10,2.15,31,0.31,0.68,0.739,0.807,0.203
Image_2011,384,64,3,55,35,45,2.34,19,1.57,70,0.47,0.7,0.693,0.693,0.049
Image_2009,384,64,3,29,22,26,0.94,38,1.32,202,0.5,0.75,0.662,0.662,0.02
Image_2008,384,64,3,51,46,48,2.13,16,1.11,48,0.53,0.79,0.636,0.636,0.133
Image_2007,384,64,3,41,36,38,13.34,26,1.14,57,0.34,0.66,0.787,0.75,0.119
Image_2005,384,64,3,31,24,28,0.47,36,1.29,136,0.49,0.77,0.673,0.673,0.028
Image_2004,384,64,3,35,22,28,1.89,36,1.59,174,0.43,0.72,0.72,0.72,0.018
Image_1493,384,64,3,17,28,22,1.32,42,1.65,49,2.65,0.29,0.424,0.418,0.029
Image_1463,384,64,3,31,37,34,6.78,30,1.19,0,0.0,0.34,0.957,0.857,0.0
Image_1461,384,64,3,15,23,19,1.67,45,1.53,50,1.01,0.38,0.653,0.633,0.075
Image_1456,384,64,3,15,21,18,2.32,46,1.4,28,0.18,0.5,0.875,0.85,0.081
Image_1130,384,64,3,15,10,12,1.7,52,1.5,55,0.47,0.89,0.366,0.256,0.0
Image_1106,384,64,3,31,28,30,5.92,34,1.11,25,0.34,0.67,0.63,0.535,0.19
Image_998,384,64,3,34,42,38,2.51,26,1.24,5,0.17,0.62,0.792,0.766,0.4
Image_996,384,64,3,59,78,68,8.63,4,1.32,1,0.05,0.62,0.882,0.774,0.85
Image_993,384,64,3,59,75,67,11.75,3,1.27,1,0.05,0.5,0.875,0.941,0.97
Image_991,384,64,3,18,29,24,1.05,40,1.61,70,0.43,0.72,0.685,0.664,0.042
Image_990,384,64,3,19,27,23,0.94,41,1.42,58,0.34,0.71,0.72,0.734,0.035
Image_989,384,64,3,27,82,54,8.61,10,3.04,5,0.07,0.5,0.862,0.787,0.11
Image_988,384,64,3,57,114,86,2.34,22,2.0,10,0.44,0.56,0.706,0.706,0.4
Image_985,384,64,3,30,46,38,6.6,26,1.53,19,0.26,0.68,0.748,0.759,0.07
Image_907,384,64,3,48,125,86,11.0,22,2.6,25,0.46,0.73,0.541,0.633,0.121
Image_906,384,64,3,13,28,20,3.02,44,2.15,55,0.3,0.61,0.71,0.725,0.0
Image_701,384,64,3,40,73,56,2.83,8,1.82,10,0.14,0.48,0.88,0.871,0.095
Image_693,384,64,3,61,84,72,2.03,8,1.38,2,0.1,0.46,0.944,0.944,0.612
Image_680,384,64,3,53,145,99,4.26,35,2.74,4,0.24,0.54,0.815,0.857,0.8
Image_349,384,64,3,51,100,76,2.28,12,1.96,4,0.11,0.48,0.906,0.906,0.098
Image_342,384,64,3,49,64,56,21.39,8,1.31,1,0.02,0.52,0.915,0.886,0.147
Image_336,384,64,3,35,45,40,4.14,24,1.29,101,0.86,0.91,0.241,0.241,0.0
Image_330,384,64,3,84,111,98,8.1,34,1.32,13,0.34,0.6,0.794,0.794,0.148
Image_317,384,64,3,16,25,20,3.57,44,1.56,22,0.6,0.81,0.531,0.5,0.141
Image_313,384,64,3,83,125,104,10.78,40,1.51,30,0.56,0.69,0.605,0.605,0.16
Image_293,384,64,3,45,72,58,6.54,6,1.6,9,0.18,0.44,0.889,0.864,0.327
Image_291,384,64,3,54,99,76,11.11,12,1.83,8,1.23,0.61,0.566,0.566,0.843
Image_286,384,64,3,53,87,70,13.14,6,1.64,6,0.36,0.57,0.769,0.769,0.286
Image_2,384,64,3,50,82,66,1.94,2,1.64,6,0.41,0.6,0.727,0.727,0.769
