,image_name,resized_size,patch_size,kernel_dim,Avg_ref_h,Avg_ref_z,mean_box_size,std_size,diff_patch_mbs,aspect_ratio,mre,qual_score,mae,score
0,Image_7645,384,24,3,43,145,94,5.91,70,3.37,0.62,0.75,23.0,0.4
1,Image_7095,384,24,3,35,116,76,3.4,52,3.31,0.3,0.56,21.0,0.4
2,Image_7661,384,24,3,30,41,36,3.7,12,1.37,0.33,0.53,18.0,0.3
3,Image_7662,384,24,3,47,35,41,3.97,17,1.34,0.27,0.54,11.0,0.2
4,Image_6661,384,24,3,11,12,12,0.71,12,1.09,0.24,0.67,72.0,0.3
5,Image_6660,384,24,3,279,30,154,2.16,130,9.3,0.33,0.92,5.0,0.5
6,Image_6659,384,24,3,40,323,182,2.49,158,8.07,0.18,0.8,2.0,0.4
7,Image_6658,384,24,3,15,9,12,1.7,12,1.67,0.0,0.65,0.0,0.2
8,Image_6657,384,24,3,25,25,25,7.83,1,1.0,0.12,0.56,13.0,0.2
9,Image_6656,384,24,3,29,30,30,2.13,6,1.03,0.12,0.46,13.0,0.1
10,Image_6655,384,24,3,9,73,41,1.47,17,8.11,0.71,0.49,100.0,0.9
11,Image_6653,384,24,3,17,21,19,1.48,5,1.24,0.06,0.54,21.0,0.1
12,Image_6652,384,24,3,41,79,60,1.73,36,1.93,0.21,0.45,9.0,0.2
13,Image_6651,384,24,3,40,151,96,5.4,72,3.77,0.06,0.76,1.0,0.7
14,Image_6650,384,24,3,75,90,82,4.31,58,1.2,0.54,0.35,7.0,0.6
15,Image_6649,384,24,3,17,46,32,18.54,8,2.71,0.77,0.38,47.0,0.5
16,Image_6648,384,24,3,20,19,20,1.09,4,1.05,0.17,0.63,7.0,0.4
17,Image_6645,384,24,3,34,32,33,2.78,9,1.06,0.22,0.46,10.0,0.1
18,Image_6644,384,24,3,6,12,9,0.71,15,2.0,0.09,0.79,51.0,0.2
19,Image_5944,384,24,3,40,57,48,2.85,24,1.43,0.0,0.44,0.0,0.4
20,Image_5940,384,24,3,78,79,78,13.21,54,1.01,0.08,0.41,2.0,0.4
21,Image_5939,384,24,3,83,133,108,18.67,84,1.6,0.2,0.63,2.0,0.4
22,Image_5938,384,24,3,57,88,72,6.97,48,1.54,0.4,0.55,21.0,0.3
23,Image_5936,384,24,3,54,69,62,2.19,38,1.28,0.05,0.37,1.0,0.2
24,Image_5934,384,24,3,61,84,72,7.26,48,1.38,0.39,0.54,11.0,0.4
25,Image_5933,384,24,3,79,44,62,6.98,38,1.8,0.48,0.63,11.0,0.5
26,Image_5932,384,24,3,99,64,82,4.21,58,1.55,0.39,0.46,13.0,0.3
27,Image_5931,384,24,3,86,137,112,8.67,88,1.59,0.1,0.73,1.0,0.7
28,Image_5930,384,24,3,65,71,68,2.72,44,1.09,0.61,0.68,22.0,0.6
29,Image_5929,384,24,3,32,57,44,3.11,20,1.78,0.16,0.44,15.0,0.1
30,Image_5926,384,24,3,42,73,58,1.05,34,1.74,0.0,0.52,0.0,0.3
31,Image_5925,384,24,3,138,98,118,19.77,94,1.41,0.27,0.56,8.0,0.6
32,Image_5924,384,24,3,101,103,102,6.4,78,1.02,0.41,0.57,11.0,0.6
33,Image_5923,384,24,3,81,68,74,3.3,50,1.19,0.62,0.66,21.0,0.7
34,Image_5922,384,24,3,26,36,31,0.94,7,1.38,0.33,0.65,17.0,0.4
35,Image_5921,384,24,3,51,76,64,1.82,40,1.49,0.38,0.52,18.0,0.3
36,Image_5918,384,24,3,72,53,62,3.25,38,1.36,0.2,0.54,3.0,0.5
37,Image_5917,384,24,3,53,74,64,1.57,40,1.4,0.37,0.61,7.0,0.4
38,Image_5915,384,24,3,49,56,52,2.87,28,1.14,0.33,0.56,6.0,0.4
39,Image_5602,384,24,3,54,74,64,1.57,40,1.37,0.4,0.53,14.0,0.6
40,Image_5601,384,24,3,54,74,64,1.67,40,1.37,0.29,0.52,9.0,0.6
41,Image_5600,384,24,3,21,24,22,1.05,2,1.14,0.12,0.49,21.0,0.2
42,Image_5598,384,24,3,58,79,68,1.71,44,1.36,0.56,0.65,29.0,0.8
43,Image_5596,384,24,3,35,49,42,4.73,18,1.4,0.23,0.52,12.0,0.3
44,Image_5595,384,24,3,69,92,80,4.59,56,1.33,0.0,0.54,0.0,0.4
45,Image_5594,384,24,3,60,77,68,2.89,44,1.28,0.64,0.74,27.0,0.8
46,Image_5593,384,24,3,49,65,57,3.83,33,1.33,0.39,0.53,15.0,0.6
47,Image_5592,384,24,3,37,21,29,1.18,5,1.76,0.22,0.49,26.0,0.2
48,Image_5591,384,24,3,65,47,56,2.98,32,1.38,0.45,0.56,26.0,0.4
49,Image_5590,384,24,3,74,102,88,7.77,64,1.38,0.29,0.47,7.0,0.3
50,Image_5588,384,24,3,36,42,39,2.51,15,1.17,0.34,0.53,25.0,0.3
51,Image_5587,384,24,3,57,72,64,2.1,40,1.26,0.45,0.56,13.0,0.6
52,Image_5585,384,24,3,44,59,52,3.3,28,1.34,0.48,0.58,29.0,0.6
53,Image_5584,384,24,3,37,27,32,3.11,8,1.37,0.33,0.54,25.0,0.5
54,Image_5583,384,24,3,52,68,60,2.11,36,1.31,0.2,0.46,3.0,0.3
55,Image_5582,384,24,3,37,38,38,2.05,14,1.03,0.24,0.38,9.0,0.4
56,Image_5581,384,24,3,72,101,86,4.3,62,1.4,0.5,0.71,8.0,0.5
57,Image_5580,384,24,3,42,48,45,1.94,21,1.14,0.35,0.59,23.0,0.25
58,Image_5576,384,24,3,44,48,46,4.38,22,1.09,0.29,0.58,27.0,0.5
59,Image_5575,384,24,3,69,73,71,3.01,47,1.06,0.33,0.55,3.0,0.8
60,Image_5574,384,24,3,20,21,20,1.09,4,1.05,0.24,0.52,29.0,0.2
61,Image_5573,384,24,3,42,43,42,2.25,18,1.02,0.16,0.4,5.0,0.2
62,Image_5572,384,24,3,60,96,78,7.49,54,1.6,0.29,0.49,2.0,0.4
63,Image_5571,384,24,3,51,65,58,1.59,34,1.27,0.29,0.48,8.0,0.6
64,Image_5568,384,24,3,38,49,44,9.86,20,1.29,0.3,0.54,13.0,0.5
65,Image_5567,384,24,3,45,41,43,6.13,19,1.1,0.34,0.53,26.0,0.35
66,Image_5566,384,24,3,60,74,67,9.57,43,1.23,0.08,0.35,3.0,0.3
67,Image_5563,384,24,3,17,12,14,2.03,10,1.42,0.21,0.69,50.0,0.3
68,Image_5390,384,24,3,84,53,68,10.3,44,1.58,0.08,0.46,1.0,0.6
69,Image_5386,384,24,3,51,77,64,1.97,40,1.51,0.18,0.46,3.0,0.5
70,Image_5382,384,24,3,48,65,56,2.34,32,1.35,0.36,0.63,5.0,0.6
71,Image_5380,384,24,3,94,76,85,6.04,61,1.24,1.25,0.35,5.0,0.4
72,Image_5378,384,24,3,76,73,74,2.42,50,1.04,0.21,0.6,3.0,0.3
73,Image_5376,384,24,3,100,77,88,6.25,64,1.3,0.08,0.6,1.0,0.3
74,Image_5375,384,24,3,100,79,90,7.9,66,1.27,0.49,0.57,17.0,0.3
75,Image_5372,384,24,3,57,47,52,5.72,28,1.21,0.18,0.46,7.0,0.5
76,Image_5371,384,24,3,53,52,52,3.28,28,1.02,0.04,0.36,2.0,0.2
77,Image_5369,384,24,3,42,50,46,5.72,22,1.19,0.07,0.44,2.0,0.3
78,Image_5368,384,24,3,26,24,25,1.72,1,1.08,0.09,0.51,15.0,0.2
79,Image_5367,384,24,3,19,31,25,0.47,1,1.63,0.03,0.47,4.0,0.1
80,Image_5366,384,24,3,26,37,32,1.56,8,1.42,0.11,0.42,7.0,0.3
81,Image_5364,384,24,3,49,56,52,2.57,28,1.14,0.41,0.52,16.0,0.4
82,Image_5363,384,24,3,31,40,36,3.71,12,1.29,0.03,0.44,1.0,0.2
83,Image_5361,384,24,3,29,43,36,4.15,12,1.48,0.12,0.43,3.0,0.3
84,Image_5360,384,24,3,29,40,34,2.55,10,1.38,0.24,0.46,21.0,0.2
85,Image_5359,384,24,3,17,24,20,0.64,4,1.41,0.21,0.57,9.0,0.0
86,Image_5358,384,24,3,55,73,64,3.13,40,1.33,0.5,0.6,25.0,0.25
87,Image_5149,384,24,3,25,32,28,2.16,4,1.28,0.18,0.53,17.0,0.4
88,Image_5143,384,24,3,23,45,34,8.85,10,1.96,0.21,0.59,17.0,0.3
89,Image_5142,384,24,3,22,29,26,3.27,2,1.32,0.02,0.5,4.0,0.2
90,Image_4970,384,24,3,35,46,40,1.87,16,1.31,0.14,0.55,7.0,0.5
91,Image_4969,384,24,3,38,28,33,5.18,9,1.36,0.2,0.47,28.0,0.3
92,Image_4967,384,24,3,65,99,82,3.4,58,1.52,0.1,0.6,2.0,0.6
93,Image_4966,384,24,3,60,83,72,6.22,48,1.38,0.18,0.48,10.0,0.4
94,Image_4965,384,24,3,75,120,98,17.03,74,1.6,0.67,0.64,6.0,0.7
95,Image_4964,384,24,3,41,55,48,8.38,24,1.34,0.3,0.46,22.0,0.3
96,Image_4963,384,24,3,19,31,25,2.49,1,1.63,0.15,0.5,37.0,0.1
97,Image_4962,384,24,3,37,41,39,5.26,15,1.11,0.33,0.53,15.0,0.2
98,Image_4961,384,24,3,10,17,14,1.97,10,1.7,0.16,0.67,70.0,0.2
99,Image_4960,384,24,3,59,84,72,19.51,48,1.42,0.26,0.51,10.0,0.4
100,Image_4959,384,24,3,38,62,50,1.65,26,1.63,0.16,0.51,6.0,0.5
101,Image_4958,384,24,3,44,60,52,11.44,28,1.36,0.11,0.4,15.0,0.5
102,Image_4957,384,24,3,26,35,30,9.81,6,1.35,0.11,0.48,12.0,0.5
103,Image_4956,384,24,3,27,45,36,7.56,12,1.67,0.22,0.53,29.0,0.4
104,Image_4955,384,24,3,35,46,40,9.02,16,1.31,0.1,0.39,16.0,0.3
105,Image_4954,384,24,3,43,66,54,9.37,30,1.53,0.04,0.55,1.0,0.7
106,Image_4953,384,24,3,30,52,41,7.53,17,1.73,0.26,0.49,18.0,0.3
107,Image_4952,384,24,3,19,23,21,3.12,3,1.21,0.07,0.52,19.0,0.1
108,Image_4951,384,24,3,22,19,20,3.11,4,1.16,0.08,0.62,14.0,0.1
109,Image_4950,384,24,3,41,54,48,11.93,24,1.32,0.35,0.55,17.0,0.2
110,Image_4949,384,24,3,24,35,30,3.76,6,1.46,0.23,0.57,28.0,0.35
111,Image_4948,384,24,3,81,140,110,17.37,86,1.73,0.8,0.66,8.0,0.7
112,Image_4947,384,24,3,20,35,28,3.65,4,1.75,0.21,0.5,53.0,0.1
113,Image_4946,384,24,3,40,56,48,12.03,24,1.4,0.26,0.49,25.0,0.3
114,Image_4945,384,24,3,33,44,38,1.26,14,1.33,0.23,0.53,12.0,0.3
115,Image_4944,384,24,3,24,32,28,4.51,4,1.33,0.18,0.57,11.0,0.35
116,Image_4943,384,24,3,42,64,53,2.46,29,1.52,0.29,0.52,26.0,0.4
117,Image_4942,384,24,3,49,78,64,2.21,40,1.59,0.12,0.4,6.0,0.25
118,Image_4941,384,24,3,31,42,36,3.71,12,1.35,0.08,0.36,15.0,0.2
119,Image_4940,384,24,3,53,98,76,5.22,52,1.85,0.31,0.51,14.0,0.35
120,Image_4939,384,24,3,70,95,82,16.33,58,1.36,0.13,0.54,3.0,0.35
121,Image_4938,384,24,3,26,51,38,9.32,14,1.96,0.18,0.54,13.0,0.4
122,Image_4933,384,24,3,77,59,68,8.67,44,1.31,0.45,0.56,44.0,0.4
123,Image_4924,384,24,3,36,59,48,4.56,24,1.64,0.23,0.54,20.0,0.2
124,Image_4923,384,24,3,39,59,49,4.47,25,1.51,0.18,0.5,7.0,0.2
125,Image_4908,384,24,3,42,74,58,7.45,34,1.76,0.2,0.41,4.0,0.25
126,Image_4904,384,24,3,60,86,73,9.72,49,1.43,0.38,0.34,3.0,0.1
127,Image_4903,384,24,3,56,73,64,3.09,40,1.3,0.38,0.53,11.0,0.3
128,Image_4885,384,24,3,51,41,46,6.71,22,1.24,0.31,0.81,5.0,0.5
129,Image_4875,384,24,3,57,74,66,4.85,42,1.3,0.6,0.68,60.0,0.3
130,Image_4874,384,24,3,43,66,54,5.17,30,1.53,0.47,0.57,60.0,0.2
131,Image_4502,384,24,3,23,312,168,3.28,144,13.57,0.46,0.68,18.0,0.9
132,Image_4501,384,24,3,20,321,170,5.21,146,16.05,0.0,0.78,0.0,0.9
133,Image_4500,384,24,3,44,351,198,8.12,174,7.98,7.0,1.56,7.0,1.0
134,Image_4497,384,24,3,24,301,162,11.72,138,12.54,0.59,0.83,20.0,0.8
135,Image_4496,384,24,3,27,337,182,10.04,158,12.48,0.76,0.88,41.0,1.0
136,Image_4494,384,24,3,14,285,150,11.98,126,20.36,0.59,0.73,38.0,0.9
137,Image_4493,384,24,3,19,308,164,2.21,140,16.21,0.2,0.75,3.0,0.7
138,Image_4409,384,24,3,48,80,64,13.0,40,1.67,0.18,0.92,2.0,0.9
139,Image_4407,384,24,3,20,39,30,18.12,6,1.95,0.35,0.35,18.0,0.5
140,Image_4406,384,24,3,13,27,20,11.5,4,2.08,0.2,0.59,2.0,0.3
141,Image_4296,384,24,3,59,67,63,3.89,39,1.14,0.35,0.5,17.0,0.3
142,Image_4286,384,24,3,17,27,22,4.13,2,1.59,0.15,0.49,57.0,0.1
143,Image_4175,384,24,3,78,126,102,4.58,78,1.62,0.25,0.75,7.0,0.4
144,Image_4170,384,24,3,29,119,74,5.58,50,4.1,0.26,0.56,12.0,0.4
145,Image_4123,384,24,3,69,61,65,10.97,41,1.13,0.07,0.45,1.0,0.6
146,Image_4122,384,24,3,68,111,90,16.9,66,1.63,0.45,0.66,9.0,0.8
147,Image_4121,384,24,3,69,108,88,7.0,64,1.57,0.57,0.72,13.0,0.8
148,Image_4120,384,24,3,43,56,50,3.53,26,1.3,0.26,0.52,16.0,0.6
149,Image_4119,384,24,3,78,112,95,2.49,71,1.44,1.4,0.53,7.0,0.6
150,Image_4116,384,24,3,59,80,70,4.25,46,1.36,0.46,0.6,13.0,0.5
151,Image_4115,384,24,3,39,72,56,4.39,32,1.85,0.2,0.75,2.0,0.7
152,Image_4113,384,24,3,40,57,48,4.57,24,1.43,0.49,0.69,35.0,0.5
153,Image_4111,384,24,3,35,42,38,2.94,14,1.2,0.25,0.61,8.0,0.6
154,Image_4110,384,24,3,132,52,92,17.65,68,2.54,0.2,0.57,3.0,0.3
155,Image_4089,384,24,3,31,60,46,1.33,22,1.94,0.38,0.5,36.0,0.5
156,Image_4088,384,24,3,46,59,52,4.74,28,1.28,0.42,0.58,20.0,0.7
157,Image_4087,384,24,3,40,31,36,0.71,12,1.29,0.22,0.48,34.0,0.2
158,Image_4086,384,24,3,53,75,64,2.4,40,1.42,0.14,0.45,2.0,0.4
159,Image_4085,384,24,3,26,36,31,1.44,7,1.38,0.19,0.51,20.0,0.2
160,Image_4084,384,24,3,44,57,50,6.06,26,1.3,0.43,0.64,9.0,0.5
161,Image_4083,384,24,3,54,54,54,1.32,30,1.0,0.15,0.38,12.0,0.4
162,Image_4082,384,24,3,28,22,25,1.78,1,1.27,0.12,0.49,15.0,0.4
163,Image_4079,384,24,3,44,61,52,3.18,28,1.39,0.14,0.39,4.0,0.3
164,Image_4078,384,24,3,32,52,42,3.92,18,1.62,0.17,0.47,12.0,0.35
165,Image_4077,384,24,3,17,34,26,4.73,2,2.0,0.01,0.4,3.0,0.1
166,Image_4074,384,24,3,48,62,55,2.63,31,1.29,0.26,0.45,8.0,0.5
167,Image_4073,384,24,3,65,60,62,5.03,38,1.08,0.34,0.45,13.0,0.3
168,Image_4072,384,24,3,65,86,76,4.11,52,1.32,0.15,0.45,2.0,0.3
169,Image_4069,384,24,3,35,26,30,2.89,6,1.35,0.17,0.43,24.0,0.2
170,Image_4068,384,24,3,71,99,85,4.99,61,1.39,0.33,0.59,5.0,0.6
171,Image_4067,384,24,3,38,52,45,2.07,21,1.37,0.21,0.49,11.0,0.3
172,Image_4066,384,24,3,72,98,85,4.13,61,1.36,0.12,0.48,1.0,0.4
173,Image_4065,384,24,3,51,40,46,4.7,22,1.27,0.29,0.54,15.0,0.5
174,Image_4063,384,24,3,57,57,57,3.93,33,1.0,0.1,0.46,1.0,0.2
175,Image_4062,384,24,3,15,25,20,4.78,4,1.67,0.29,0.55,113.0,0.35
176,Image_3697,384,24,3,149,108,128,8.06,104,1.38,0.21,0.81,3.0,0.5
177,Image_3696,384,24,3,146,126,136,6.6,112,1.16,0.27,0.91,3.0,0.5
178,Image_3694,384,24,3,57,86,72,4.52,48,1.51,0.23,0.53,10.0,0.7
179,Image_3693,384,24,3,44,54,49,2.17,25,1.23,0.1,0.38,4.0,0.2
180,Image_3651,384,24,3,89,114,102,8.77,78,1.28,0.83,0.74,5.0,0.5
181,Image_3650,384,24,3,47,81,64,9.85,40,1.72,0.75,0.57,6.0,0.2
182,Image_3645,384,24,3,45,49,47,8.12,23,1.09,0.09,0.53,6.0,0.3
183,Image_3644,384,24,3,63,61,62,17.41,38,1.03,0.07,0.58,1.0,0.4
184,Image_3501,384,24,3,30,41,36,6.66,12,1.37,0.08,0.42,5.0,0.2
185,Image_3500,384,24,3,51,70,60,4.19,36,1.37,0.12,0.46,2.0,0.1
186,Image_3494,384,24,3,85,53,69,4.23,45,1.6,0.12,0.53,5.0,0.2
187,Image_3342,384,24,3,72,112,92,3.12,68,1.56,0.14,0.53,2.0,0.3
188,Image_3341,384,24,3,52,57,54,2.28,30,1.1,0.44,0.2,11.0,0.1
189,Image_3339,384,24,3,67,94,80,5.02,56,1.4,1.78,0.25,16.0,0.4
190,Image_3329,384,24,3,15,10,12,2.06,12,1.5,0.32,0.71,83.0,0.6
191,Image_3310,384,24,3,40,50,45,1.94,21,1.25,0.0,0.3,0.0,0.0
192,Image_3309,384,24,3,49,80,64,4.99,40,1.63,0.0,0.35,0.0,0.0
193,Image_3284,384,24,3,80,92,86,18.34,62,1.15,0.45,0.56,13.0,0.6
194,Image_3283,384,24,3,31,32,32,9.74,8,1.03,0.03,0.45,1.0,0.4
195,Image_3282,384,24,3,57,63,60,10.84,36,1.11,0.28,0.45,12.0,0.3
196,Image_3281,384,24,3,90,57,74,14.73,50,1.58,1.14,0.3,8.0,0.25
197,Image_3279,384,24,3,44,59,52,7.88,28,1.34,0.05,0.38,1.0,0.5
198,Image_3278,384,24,3,55,41,48,4.52,24,1.34,0.44,0.61,24.0,0.7
199,Image_3275,384,24,3,80,72,76,5.56,52,1.11,0.52,0.59,13.0,0.3
200,Image_3271,384,24,3,96,102,99,12.29,75,1.06,0.62,0.69,35.0,0.5
201,Image_3270,384,24,3,68,80,74,7.03,50,1.18,0.21,0.43,5.0,0.3
202,Image_3268,384,24,3,68,77,72,11.06,48,1.13,0.27,0.55,7.0,0.6
203,Image_3160,384,24,3,89,93,91,7.13,67,1.04,0.0,0.59,0.0,0.5
204,Image_2956,384,24,3,81,46,64,12.53,40,1.76,0.0,0.51,0.0,0.5
205,Image_2955,384,24,3,39,31,35,3.12,11,1.26,0.3,0.46,24.0,0.6
206,Image_2954,384,24,3,47,78,62,0.88,38,1.66,0.34,0.58,20.0,0.5
207,Image_2952,384,24,3,28,59,44,3.1,20,2.11,0.03,0.43,2.0,0.4
208,Image_2951,384,24,3,39,68,54,1.05,30,1.74,0.07,0.46,1.0,0.3
209,Image_2949,384,24,3,87,37,62,2.86,38,2.35,0.17,0.51,5.0,0.4
210,Image_2948,384,24,3,80,78,79,3.24,55,1.03,1.75,0.44,7.0,0.5
211,Image_2947,384,24,3,51,60,56,1.97,32,1.18,0.03,0.39,1.0,0.5
212,Image_2946,384,24,3,72,63,68,12.06,44,1.14,0.5,0.42,4.0,0.6
213,Image_2945,384,24,3,75,52,64,1.33,40,1.44,0.07,0.52,1.0,0.2
214,Image_2944,384,24,3,37,59,48,7.86,24,1.59,0.03,0.41,2.0,0.3
215,Image_2943,384,24,3,58,60,59,1.65,35,1.03,0.06,0.46,2.0,0.2
216,Image_2942,384,24,3,48,48,48,1.03,24,1.0,0.32,0.32,6.0,0.25
217,Image_2941,384,24,3,86,82,84,10.9,60,1.05,0.15,0.69,3.0,0.7
218,Image_2939,384,24,3,24,32,28,4.29,4,1.33,1.08,0.38,27.0,0.8
219,Image_2938,384,24,3,79,68,74,15.61,50,1.16,0.29,0.62,2.0,0.6
220,Image_2937,384,24,3,44,44,44,12.12,20,1.0,0.9,0.35,37.0,0.6
221,Image_2936,384,24,3,84,54,69,12.91,45,1.56,0.1,0.44,2.0,0.6
222,Image_2935,384,24,3,83,41,62,2.41,38,2.02,1.17,0.36,7.0,0.8
223,Image_2933,384,24,3,53,36,44,10.11,20,1.47,0.12,0.49,6.0,0.4
224,Image_2932,384,24,3,94,54,74,11.58,50,1.74,0.17,0.49,5.0,0.6
225,Image_2931,384,24,3,59,49,54,26.1,30,1.2,0.2,0.51,11.0,0.8
226,Image_2930,384,24,3,35,46,40,4.48,16,1.31,0.15,0.48,8.0,0.3
227,Image_2929,384,24,3,37,35,36,2.45,12,1.06,0.43,0.51,23.0,0.7
228,Image_2927,384,24,3,30,46,38,4.29,14,1.53,0.09,0.49,5.0,0.4
229,Image_2926,384,24,3,94,53,74,6.51,50,1.77,0.33,0.51,12.0,0.6
230,Image_2924,384,24,3,47,45,46,2.54,22,1.04,0.02,0.43,1.0,0.4
231,Image_2923,384,24,3,53,34,44,8.82,20,1.56,1.61,0.34,53.0,0.7
232,Image_2922,384,24,3,75,66,70,14.52,46,1.14,0.19,0.34,3.0,0.4
233,Image_2921,384,24,3,67,55,61,12.4,37,1.22,0.18,0.44,6.0,0.4
234,Image_2920,384,24,3,40,79,60,10.44,36,1.98,0.32,0.71,6.0,0.5
235,Image_2918,384,24,3,47,49,48,1.7,24,1.04,0.43,0.57,19.0,0.5
236,Image_2916,384,24,3,17,18,18,2.78,6,1.06,0.87,0.52,94.0,0.8
237,Image_2915,384,24,3,45,48,46,3.97,22,1.07,0.05,0.47,3.0,0.6
238,Image_2914,384,24,3,33,76,54,3.09,30,2.3,0.17,0.33,4.0,0.3
239,Image_2913,384,24,3,69,72,70,7.9,46,1.04,2.75,0.59,11.0,0.7
240,Image_2912,384,24,3,34,36,35,1.03,11,1.06,0.05,0.5,4.0,0.2
241,Image_2910,384,24,3,49,177,113,1.35,89,3.61,0.3,0.68,6.0,0.4
242,Image_2908,384,24,3,44,53,48,4.41,24,1.2,0.03,0.39,1.0,0.2
243,Image_2248,384,24,3,38,56,47,2.96,23,1.47,0.31,0.52,24.0,0.3
244,Image_2225,384,24,3,94,109,102,13.89,78,1.16,0.1,0.57,2.0,0.7
245,Image_2209,384,24,3,100,148,124,8.56,100,1.48,0.1,0.76,1.0,0.8
246,Image_2203,384,24,3,64,100,82,8.41,58,1.56,0.1,0.43,2.0,0.7
247,Image_2195,384,24,3,122,115,118,8.88,94,1.06,0.18,0.75,2.0,0.8
248,Image_2177,384,24,3,79,128,104,7.82,80,1.62,0.07,0.53,2.0,0.5
249,Image_2165,384,24,3,81,104,92,3.98,68,1.28,0.43,0.58,18.0,0.4
250,Image_2155,384,24,3,101,95,98,3.77,74,1.06,0.28,0.66,7.0,0.6
251,Image_2152,384,24,3,72,127,100,26.52,76,1.76,0.12,0.47,3.0,0.8
252,Image_2142,384,24,3,76,87,82,15.41,58,1.14,0.27,0.53,13.0,0.6
253,Image_2141,384,24,3,83,109,96,7.47,72,1.31,0.0,0.55,0.0,0.5
254,Image_2138,384,24,3,53,83,68,7.41,44,1.57,0.26,0.4,6.0,0.3
255,Image_2140,384,24,3,77,73,75,17.72,51,1.05,0.16,0.51,4.0,0.3
256,Image_2051,384,24,3,102,56,79,9.09,55,1.82,0.35,0.7,8.0,0.5
257,Image_2036,384,24,3,76,51,64,4.55,40,1.49,0.1,0.77,3.0,0.3
258,Image_2035,384,24,3,108,40,74,5.26,50,2.7,0.42,0.8,20.0,0.4
259,Image_2026,384,24,3,83,58,70,4.52,46,1.43,0.16,0.86,3.0,0.5
260,Image_2019,384,24,3,119,81,100,5.13,76,1.47,0.53,0.84,16.0,0.7
261,Image_2018,384,24,3,34,73,54,4.33,30,2.15,0.22,0.67,19.0,0.7
262,Image_2011,384,24,3,55,35,45,2.34,21,1.57,0.44,0.66,61.0,0.35
263,Image_2009,384,24,3,29,22,26,0.94,2,1.32,0.5,0.74,200.0,0.2
264,Image_2008,384,24,3,51,46,48,2.13,24,1.11,0.52,0.77,46.0,0.3
265,Image_2007,384,24,3,41,36,38,13.34,14,1.14,0.18,0.65,24.0,0.3
266,Image_2005,384,24,3,31,24,28,0.47,4,1.29,0.49,0.75,133.0,0.25
267,Image_2004,384,24,3,35,22,28,1.89,4,1.59,0.49,0.73,218.0,0.3
268,Image_1493,384,24,3,17,28,22,1.32,2,1.65,3.19,0.37,51.0,0.7
269,Image_1463,384,24,3,31,37,34,6.78,10,1.19,0.18,0.35,9.0,0.4
270,Image_1461,384,24,3,15,23,19,1.67,5,1.53,2.96,0.47,74.0,0.6
271,Image_1456,384,24,3,15,21,18,2.32,6,1.4,0.36,0.54,49.0,0.6
272,Image_1130,384,24,3,15,10,12,1.7,12,1.5,0.79,0.94,27.0,0.8
273,Image_1106,384,24,3,31,28,30,5.92,6,1.11,0.07,0.6,3.0,0.8
274,Image_998,384,24,3,34,42,38,2.51,14,1.24,0.04,0.6,1.0,0.7
275,Image_996,384,24,3,59,78,68,8.63,44,1.32,0.64,0.55,7.0,0.6
276,Image_993,384,24,3,59,75,67,11.75,43,1.27,0.13,0.37,2.0,0.4
277,Image_991,384,24,3,18,29,24,1.05,0,1.61,0.18,0.68,20.0,0.3
278,Image_990,384,24,3,19,27,23,0.94,1,1.42,0.0,0.66,0.0,0.4
279,Image_989,384,24,3,27,82,54,8.61,30,3.04,0.49,0.63,65.0,0.5
280,Image_988,384,24,3,57,114,86,2.34,62,2.0,0.37,0.55,7.0,0.4
281,Image_985,384,24,3,30,46,38,6.6,14,1.53,0.29,0.68,22.0,0.6
282,Image_907,384,24,3,48,125,86,11.0,62,2.6,0.53,0.69,33.0,0.9
283,Image_906,384,24,3,13,28,20,3.02,4,2.15,1.9,0.52,154.0,1.0
284,Image_701,384,24,3,40,73,56,2.83,32,1.82,0.29,0.52,25.0,0.3
285,Image_693,384,24,3,61,84,72,2.03,48,1.38,0.32,0.54,8.0,0.2
286,Image_680,384,24,3,53,145,99,4.26,75,2.74,0.14,0.56,2.0,0.4
287,Image_349,384,24,3,51,100,76,2.28,52,1.96,0.42,0.61,28.0,0.4
288,Image_342,384,24,3,49,64,56,21.39,32,1.31,0.26,0.6,22.0,0.5
289,Image_336,384,24,3,35,45,40,4.14,16,1.29,0.9,0.94,145.0,1.0
290,Image_330,384,24,3,84,111,98,8.1,74,1.32,0.68,0.75,52.0,0.5
291,Image_317,384,24,3,16,25,20,3.57,4,1.56,0.08,0.61,1.0,0.3
292,Image_313,384,24,3,83,125,104,10.78,80,1.51,0.65,0.7,42.0,0.3
293,Image_293,384,24,3,45,72,58,6.54,34,1.6,0.48,0.58,38.0,0.4
294,Image_291,384,24,3,54,99,76,11.11,52,1.83,0.4,0.51,4.0,0.6
295,Image_286,384,24,3,53,87,70,13.14,46,1.64,0.52,0.67,11.0,0.7
296,Image_2,384,24,3,50,82,66,1.94,42,1.64,0.2,0.59,2.0,0.3
297,Image_7645,384,32,3,43,145,94,5.91,62,3.37,0.3,0.71,6.0,0.3
298,Image_7095,384,32,3,35,116,76,3.4,44,3.31,0.0,0.44,0.0,0.25
299,Image_7661,384,32,3,30,41,36,3.7,4,1.37,0.18,0.41,8.0,0.3
300,Image_7662,384,32,3,47,35,41,3.97,9,1.34,0.09,0.39,4.0,0.2
301,Image_6661,384,32,3,11,12,12,0.71,20,1.09,0.0,0.7,1.0,0.35
302,Image_6660,384,32,3,279,30,154,2.16,122,9.3,0.11,0.97,1.0,0.4
303,Image_6659,384,32,3,40,323,182,2.49,150,8.07,1.25,1.11,5.0,0.6
304,Image_6658,384,32,3,15,9,12,1.7,20,1.67,0.18,0.66,79.0,0.2
305,Image_6657,384,32,3,25,25,25,7.83,7,1.0,0.37,0.41,33.0,0.4
306,Image_6656,384,32,3,29,30,30,2.13,2,1.03,0.09,0.33,8.0,0.1
307,Image_6655,384,32,3,9,73,41,1.47,9,8.11,0.7,0.47,99.0,0.7
308,Image_6653,384,32,3,17,21,19,1.48,13,1.24,0.22,0.57,89.0,0.2
309,Image_6652,384,32,3,41,79,60,1.73,28,1.93,0.21,0.41,9.0,0.2
310,Image_6651,384,32,3,40,151,96,5.4,64,3.77,0.9,0.79,9.0,0.7
311,Image_6650,384,32,3,75,90,82,4.31,50,1.2,0.82,0.34,9.0,0.5
312,Image_6649,384,32,3,17,46,32,18.54,0,2.71,0.08,0.37,8.0,0.25
313,Image_6648,384,32,3,20,19,20,1.09,12,1.05,0.11,0.66,6.0,0.4
314,Image_6645,384,32,3,34,32,33,2.78,1,1.06,0.12,0.41,5.0,0.0
315,Image_6644,384,32,3,6,12,9,0.71,23,2.0,0.03,0.78,13.0,0.15
316,Image_5944,384,32,3,40,57,48,2.85,16,1.43,0.25,0.32,3.0,0.4
317,Image_5940,384,32,3,78,79,78,13.21,46,1.01,0.42,0.34,8.0,0.6
318,Image_5939,384,32,3,83,133,108,18.67,76,1.6,1.0,0.57,4.0,0.5
319,Image_5938,384,32,3,57,88,72,6.97,40,1.54,0.14,0.48,5.0,0.4
320,Image_5936,384,32,3,54,69,62,2.19,30,1.28,0.1,0.3,2.0,0.25
321,Image_5934,384,32,3,61,84,72,7.26,40,1.38,0.39,0.54,11.0,0.35
322,Image_5933,384,32,3,79,44,62,6.98,30,1.8,0.33,0.55,6.0,0.4
323,Image_5932,384,32,3,99,64,82,4.21,50,1.55,0.05,0.39,1.0,0.15
324,Image_5931,384,32,3,86,137,112,8.67,80,1.59,3.5,0.95,7.0,0.9
325,Image_5930,384,32,3,65,71,68,2.72,36,1.09,0.33,0.58,7.0,0.6
326,Image_5929,384,32,3,32,57,44,3.11,12,1.78,0.15,0.3,10.0,0.1
327,Image_5926,384,32,3,42,73,58,1.05,26,1.74,0.17,0.47,2.0,0.4
328,Image_5925,384,32,3,138,98,118,19.77,86,1.41,0.05,0.5,1.0,0.25
329,Image_5924,384,32,3,101,103,102,6.4,70,1.02,1.0,0.41,8.0,0.5
330,Image_5923,384,32,3,81,68,74,3.3,42,1.19,0.41,0.57,9.0,0.6
331,Image_5922,384,32,3,26,36,31,0.94,1,1.38,0.31,0.6,16.0,0.7
332,Image_5921,384,32,3,51,76,64,1.82,32,1.49,0.0,0.37,0.0,0.3
333,Image_5918,384,32,3,72,53,62,3.25,30,1.36,0.0,0.46,0.0,0.35
334,Image_5917,384,32,3,53,74,64,1.57,32,1.4,0.25,0.56,4.0,0.3
335,Image_5915,384,32,3,49,56,52,2.87,20,1.14,0.2,0.41,3.0,0.4
336,Image_5602,384,32,3,54,74,64,1.57,32,1.37,0.19,0.44,5.0,0.6
337,Image_5601,384,32,3,54,74,64,1.67,32,1.37,0.24,0.53,7.0,0.6
338,Image_5600,384,32,3,21,24,22,1.05,10,1.14,0.1,0.46,17.0,0.2
339,Image_5598,384,32,3,58,79,68,1.71,36,1.36,0.28,0.5,9.0,0.4
340,Image_5596,384,32,3,35,49,42,4.73,10,1.4,0.08,0.4,3.0,0.2
341,Image_5595,384,32,3,69,92,80,4.59,48,1.33,0.88,0.47,7.0,0.5
342,Image_5594,384,32,3,60,77,68,2.89,36,1.28,0.38,0.65,9.0,0.7
343,Image_5593,384,32,3,49,65,57,3.83,25,1.33,0.28,0.52,9.0,0.65
344,Image_5592,384,32,3,37,21,29,1.18,3,1.76,0.13,0.42,14.0,0.15
345,Image_5591,384,32,3,65,47,56,2.98,24,1.38,0.16,0.41,6.0,0.3
346,Image_5590,384,32,3,74,102,88,7.77,56,1.38,0.06,0.33,1.0,0.5
347,Image_5588,384,32,3,36,42,39,2.51,7,1.17,0.0,0.37,0.0,0.3
348,Image_5587,384,32,3,57,72,64,2.1,32,1.26,0.3,0.53,7.0,0.4
349,Image_5585,384,32,3,44,59,52,3.3,20,1.34,0.22,0.44,8.0,0.3
350,Image_5584,384,32,3,37,27,32,3.11,0,1.37,0.22,0.44,14.0,0.25
351,Image_5583,384,32,3,52,68,60,2.11,28,1.31,0.08,0.36,1.0,0.4
352,Image_5582,384,32,3,37,38,38,2.05,6,1.03,0.57,0.22,17.0,0.35
353,Image_5581,384,32,3,72,101,86,4.3,54,1.4,0.6,0.58,3.0,0.5
354,Image_5580,384,32,3,42,48,45,1.94,13,1.14,0.09,0.51,4.0,0.2
355,Image_5576,384,32,3,44,48,46,4.38,14,1.09,0.08,0.54,6.0,0.35
356,Image_5575,384,32,3,69,73,71,3.01,39,1.06,0.71,0.41,5.0,0.5
357,Image_5574,384,32,3,20,21,20,1.09,12,1.05,0.26,0.52,32.0,0.3
358,Image_5573,384,32,3,42,43,42,2.25,10,1.02,0.0,0.28,0.0,0.0
359,Image_5572,384,32,3,60,96,78,7.49,46,1.6,8.0,0.69,8.0,0.4
360,Image_5571,384,32,3,51,65,58,1.59,26,1.27,0.05,0.4,1.0,0.35
361,Image_5568,384,32,3,38,49,44,9.86,12,1.29,0.07,0.37,2.0,0.2
362,Image_5567,384,32,3,45,41,43,6.13,11,1.1,0.04,0.38,2.0,0.3
363,Image_5566,384,32,3,60,74,67,9.57,35,1.23,0.27,0.26,7.0,0.4
364,Image_5563,384,32,3,17,12,14,2.03,18,1.42,0.23,0.68,55.0,0.4
365,Image_5390,384,32,3,84,53,68,10.3,36,1.58,0.75,0.33,6.0,0.6
366,Image_5386,384,32,3,51,77,64,1.97,32,1.51,0.17,0.36,2.0,0.55
367,Image_5382,384,32,3,48,65,56,2.34,24,1.35,0.12,0.5,1.0,0.6
368,Image_5380,384,32,3,94,76,85,6.04,53,1.24,3.5,0.44,7.0,0.5
369,Image_5378,384,32,3,76,73,74,2.42,42,1.04,0.83,0.55,5.0,0.5
370,Image_5376,384,32,3,100,77,88,6.25,56,1.3,3.33,0.64,10.0,0.7
371,Image_5375,384,32,3,100,79,90,7.9,58,1.27,0.05,0.41,1.0,0.4
372,Image_5372,384,32,3,57,47,52,5.72,20,1.21,0.11,0.41,3.0,0.35
373,Image_5371,384,32,3,53,52,52,3.28,20,1.02,0.1,0.3,4.0,0.1
374,Image_5369,384,32,3,42,50,46,5.72,14,1.19,0.37,0.35,7.0,0.5
375,Image_5368,384,32,3,26,24,25,1.72,7,1.08,0.01,0.47,1.0,0.15
376,Image_5367,384,32,3,19,31,25,0.47,7,1.63,0.09,0.45,14.0,0.1
377,Image_5366,384,32,3,26,37,32,1.56,0,1.42,0.11,0.42,7.0,0.3
378,Image_5364,384,32,3,49,56,52,2.57,20,1.14,0.21,0.4,6.0,0.4
379,Image_5363,384,32,3,31,40,36,3.71,4,1.29,0.17,0.33,5.0,0.3
380,Image_5361,384,32,3,29,43,36,4.15,4,1.48,0.29,0.36,6.0,0.35
381,Image_5360,384,32,3,29,40,34,2.55,2,1.38,0.11,0.37,8.0,0.25
382,Image_5359,384,32,3,17,24,20,0.64,12,1.41,0.21,0.51,9.0,0.0
383,Image_5358,384,32,3,55,73,64,3.13,32,1.33,0.22,0.45,7.0,0.1
384,Image_5149,384,32,3,25,32,28,2.16,4,1.28,0.12,0.51,12.0,0.5
385,Image_5143,384,32,3,23,45,34,8.85,2,1.96,0.2,0.59,16.0,0.4
386,Image_5142,384,32,3,22,29,26,3.27,6,1.32,0.04,0.52,8.0,0.3
387,Image_4970,384,32,3,35,46,40,1.87,8,1.31,0.22,0.42,8.0,0.55
388,Image_4969,384,32,3,38,28,33,5.18,1,1.36,0.13,0.41,17.0,0.3
389,Image_4967,384,32,3,65,99,82,3.4,50,1.52,0.21,0.58,5.0,0.6
390,Image_4966,384,32,3,60,83,72,6.22,40,1.38,0.92,0.26,22.0,0.5
391,Image_4965,384,32,3,75,120,98,17.03,66,1.6,1.5,0.55,9.0,0.65
392,Image_4964,384,32,3,41,55,48,8.38,16,1.34,0.12,0.32,7.0,0.25
393,Image_4963,384,32,3,19,31,25,2.49,7,1.63,0.17,0.51,45.0,0.2
394,Image_4962,384,32,3,37,41,39,5.26,7,1.11,0.27,0.44,11.0,0.2
395,Image_4961,384,32,3,10,17,14,1.97,18,1.7,0.19,0.67,85.0,0.3
396,Image_4960,384,32,3,59,84,72,19.51,40,1.42,0.32,0.36,7.0,0.4
397,Image_4959,384,32,3,38,62,50,1.65,18,1.63,0.15,0.37,4.0,0.35
398,Image_4958,384,32,3,44,60,52,11.44,20,1.36,0.17,0.43,24.0,0.3
399,Image_4957,384,32,3,26,35,30,9.81,2,1.35,0.01,0.42,1.0,0.25
400,Image_4956,384,32,3,27,45,36,7.56,4,1.67,0.06,0.48,6.0,0.2
401,Image_4955,384,32,3,35,46,40,9.02,8,1.31,0.02,0.34,3.0,0.1
402,Image_4954,384,32,3,43,66,54,9.37,22,1.53,0.61,0.46,11.0,0.6
403,Image_4953,384,32,3,30,52,41,7.53,9,1.73,0.09,0.41,5.0,0.2
404,Image_4952,384,32,3,19,23,21,3.12,11,1.21,0.13,0.5,36.0,0.15
405,Image_4951,384,32,3,22,19,20,3.11,12,1.16,0.2,0.63,42.0,0.2
406,Image_4950,384,32,3,41,54,48,11.93,16,1.32,0.08,0.43,3.0,0.2
407,Image_4949,384,32,3,24,35,30,3.76,2,1.46,0.1,0.51,10.0,0.3
408,Image_4948,384,32,3,81,140,110,17.37,78,1.73,8.0,0.66,16.0,0.8
409,Image_4947,384,32,3,20,35,28,3.65,4,1.75,0.22,0.48,57.0,0.2
410,Image_4946,384,32,3,40,56,48,12.03,16,1.4,0.06,0.36,4.0,0.25
411,Image_4945,384,32,3,33,44,38,1.26,6,1.33,0.05,0.4,2.0,0.25
412,Image_4944,384,32,3,24,32,28,4.51,4,1.33,0.21,0.52,13.0,0.2
413,Image_4943,384,32,3,42,64,53,2.46,21,1.52,0.1,0.43,7.0,0.3
414,Image_4942,384,32,3,49,78,64,2.21,32,1.59,0.17,0.38,8.0,0.25
415,Image_4941,384,32,3,31,42,36,3.71,4,1.35,0.07,0.34,13.0,0.1
416,Image_4940,384,32,3,53,98,76,5.22,44,1.85,0.07,0.36,2.0,0.2
417,Image_4939,384,32,3,70,95,82,16.33,50,1.36,0.54,0.42,7.0,0.35
418,Image_4938,384,32,3,26,51,38,9.32,6,1.96,0.14,0.42,7.0,0.2
419,Image_4933,384,32,3,77,59,68,8.67,36,1.31,0.12,0.39,6.0,0.3
420,Image_4924,384,32,3,36,59,48,4.56,16,1.64,0.02,0.46,1.0,0.1
421,Image_4923,384,32,3,39,59,49,4.47,17,1.51,0.29,0.39,7.0,0.3
422,Image_4908,384,32,3,42,74,58,7.45,26,1.76,0.6,0.31,9.0,0.25
423,Image_4904,384,32,3,60,86,73,9.72,41,1.43,10.0,0.29,10.0,0.4
424,Image_4903,384,32,3,56,73,64,3.09,32,1.3,0.0,0.39,0.0,0.2
425,Image_4885,384,32,3,51,41,46,6.71,14,1.24,0.08,0.76,1.0,0.3
426,Image_4875,384,32,3,57,74,66,4.85,34,1.3,0.13,0.54,6.0,0.4
427,Image_4874,384,32,3,43,66,54,5.17,22,1.53,0.06,0.41,4.0,0.15
428,Image_4502,384,32,3,23,312,168,3.28,136,13.57,0.75,0.59,9.0,0.9
429,Image_4501,384,32,3,20,321,170,5.21,138,16.05,0.64,0.69,7.0,0.9
430,Image_4500,384,32,3,44,351,198,8.12,166,7.98,1.0,0.86,4.0,1.0
431,Image_4497,384,32,3,24,301,162,11.72,130,12.54,0.56,0.91,5.0,0.9
432,Image_4496,384,32,3,27,337,182,10.04,150,12.48,0.63,0.84,21.0,0.9
433,Image_4494,384,32,3,14,285,150,11.98,118,20.36,0.24,0.64,8.0,0.9
434,Image_4493,384,32,3,19,308,164,2.21,132,16.21,2.6,0.92,13.0,1.0
435,Image_4409,384,32,3,48,80,64,13.0,32,1.67,0.1,0.73,1.0,0.9
436,Image_4407,384,32,3,20,39,30,18.12,2,1.95,0.25,0.37,14.0,0.3
437,Image_4406,384,32,3,13,27,20,11.5,12,2.08,0.0,0.47,0.0,0.1
438,Image_4296,384,32,3,59,67,63,3.89,31,1.14,0.03,0.31,1.0,0.2
439,Image_4286,384,32,3,17,27,22,4.13,10,1.59,0.26,0.52,120.0,0.15
440,Image_4175,384,32,3,78,126,102,4.58,70,1.62,0.62,0.69,8.0,0.4
441,Image_4170,384,32,3,29,119,74,5.58,42,4.1,0.26,0.47,7.0,0.6
442,Image_4123,384,32,3,69,61,65,10.97,33,1.13,0.86,0.36,6.0,0.8
443,Image_4122,384,32,3,68,111,90,16.9,58,1.63,0.09,0.55,1.0,0.9
444,Image_4121,384,32,3,69,108,88,7.0,56,1.57,0.09,0.65,1.0,0.4
445,Image_4120,384,32,3,43,56,50,3.53,18,1.3,0.31,0.33,11.0,0.3
446,Image_4119,384,32,3,78,112,95,2.49,63,1.44,5.0,0.41,10.0,0.6
447,Image_4116,384,32,3,59,80,70,4.25,38,1.36,0.53,0.65,17.0,0.5
448,Image_4115,384,32,3,39,72,56,4.39,24,1.85,1.0,0.61,4.0,0.5
449,Image_4113,384,32,3,40,57,48,4.57,16,1.43,0.03,0.55,1.0,0.4
450,Image_4111,384,32,3,35,42,38,2.94,6,1.2,0.04,0.46,1.0,0.3
451,Image_4110,384,32,3,132,52,92,17.65,60,2.54,2.0,0.37,8.0,0.5
452,Image_4089,384,32,3,31,60,46,1.33,14,1.94,0.24,0.43,19.0,0.3
453,Image_4088,384,32,3,46,59,52,4.74,20,1.28,0.04,0.39,1.0,0.2
454,Image_4087,384,32,3,40,31,36,0.71,4,1.29,0.11,0.45,14.0,0.15
455,Image_4086,384,32,3,53,75,64,2.4,32,1.42,0.08,0.35,1.0,0.2
456,Image_4085,384,32,3,26,36,31,1.44,1,1.38,0.07,0.43,6.0,0.15
457,Image_4084,384,32,3,44,57,50,6.06,18,1.3,0.08,0.51,1.0,0.2
458,Image_4083,384,32,3,54,54,54,1.32,22,1.0,0.71,0.27,39.0,0.4
459,Image_4082,384,32,3,28,22,25,1.78,7,1.27,0.13,0.49,16.0,0.25
460,Image_4079,384,32,3,44,61,52,3.18,20,1.39,0.14,0.25,3.0,0.2
461,Image_4078,384,32,3,32,52,42,3.92,10,1.62,0.07,0.38,4.0,0.4
462,Image_4077,384,32,3,17,34,26,4.73,6,2.0,0.07,0.41,16.0,0.15
463,Image_4074,384,32,3,48,62,55,2.63,23,1.29,0.15,0.3,3.0,0.2
464,Image_4073,384,32,3,65,60,62,5.03,30,1.08,0.07,0.33,2.0,0.2
465,Image_4072,384,32,3,65,86,76,4.11,44,1.32,0.21,0.46,3.0,0.4
466,Image_4069,384,32,3,35,26,30,2.89,2,1.35,0.02,0.36,3.0,0.1
467,Image_4068,384,32,3,71,99,85,4.99,53,1.39,1.5,0.54,6.0,0.6
468,Image_4067,384,32,3,38,52,45,2.07,13,1.37,0.17,0.32,6.0,0.25
469,Image_4066,384,32,3,72,98,85,4.13,53,1.36,0.0,0.44,0.0,0.4
470,Image_4065,384,32,3,51,40,46,4.7,14,1.27,0.03,0.45,1.0,0.2
471,Image_4063,384,32,3,57,57,57,3.93,25,1.0,0.57,0.32,4.0,0.2
472,Image_4062,384,32,3,15,25,20,4.78,12,1.67,0.21,0.53,74.0,0.2
473,Image_3697,384,32,3,149,108,128,8.06,96,1.38,0.1,0.81,1.0,0.3
474,Image_3696,384,32,3,146,126,136,6.6,104,1.16,0.6,0.79,3.0,0.35
475,Image_3694,384,32,3,57,86,72,4.52,40,1.51,0.42,0.38,10.0,0.3
476,Image_3693,384,32,3,44,54,49,2.17,17,1.23,0.0,0.29,0.0,0.1
477,Image_3651,384,32,3,89,114,102,8.77,70,1.28,1.75,0.75,7.0,0.3
478,Image_3650,384,32,3,47,81,64,9.85,32,1.72,0.56,0.64,5.0,0.15
479,Image_3645,384,32,3,45,49,47,8.12,15,1.09,0.05,0.53,3.0,0.15
480,Image_3644,384,32,3,63,61,62,17.41,30,1.03,0.18,0.53,2.0,0.2
481,Image_3501,384,32,3,30,41,36,6.66,4,1.37,0.05,0.4,3.0,0.1
482,Image_3500,384,32,3,51,70,60,4.19,28,1.37,0.0,0.4,0.0,0.05
483,Image_3494,384,32,3,85,53,69,4.23,37,1.6,0.76,0.42,16.0,0.3
484,Image_3342,384,32,3,72,112,92,3.12,60,1.56,0.0,0.48,0.0,0.1
485,Image_3341,384,32,3,52,57,54,2.28,22,1.1,0.12,0.22,4.0,0.05
486,Image_3339,384,32,3,67,94,80,5.02,48,1.4,2.12,0.2,17.0,0.4
487,Image_3329,384,32,3,15,10,12,2.06,20,1.5,0.41,0.72,123.0,0.7
488,Image_3310,384,32,3,40,50,45,1.94,13,1.25,0.11,0.25,3.0,0.1
489,Image_3309,384,32,3,49,80,64,4.99,32,1.63,0.78,0.22,7.0,0.5
490,Image_3284,384,32,3,80,92,86,18.34,54,1.15,0.14,0.4,2.0,0.4
491,Image_3283,384,32,3,31,32,32,9.74,0,1.03,0.1,0.41,4.0,0.25
492,Image_3282,384,32,3,57,63,60,10.84,28,1.11,0.15,0.33,4.0,0.3
493,Image_3281,384,32,3,90,57,74,14.73,42,1.58,2.0,0.28,10.0,0.35
494,Image_3279,384,32,3,44,59,52,7.88,20,1.34,0.04,0.38,1.0,0.4
495,Image_3278,384,32,3,55,41,48,4.52,16,1.34,0.52,0.61,33.0,0.4
496,Image_3275,384,32,3,80,72,76,5.56,44,1.11,0.37,0.49,7.0,0.4
497,Image_3271,384,32,3,96,102,99,12.29,67,1.06,0.52,0.64,23.0,0.5
498,Image_3270,384,32,3,68,80,74,7.03,42,1.18,0.19,0.37,4.0,0.4
499,Image_3268,384,32,3,68,77,72,11.06,40,1.13,0.36,0.46,5.0,0.4
500,Image_3160,384,32,3,89,93,91,7.13,59,1.04,1.6,0.56,8.0,0.6
501,Image_2956,384,32,3,81,46,64,12.53,32,1.76,0.32,0.55,6.0,0.6
502,Image_2955,384,32,3,39,31,35,3.12,3,1.26,0.3,0.36,24.0,0.3
503,Image_2954,384,32,3,47,78,62,0.88,30,1.66,0.16,0.48,7.0,0.3
504,Image_2952,384,32,3,28,59,44,3.1,12,2.11,0.49,0.28,22.0,0.3
505,Image_2951,384,32,3,39,68,54,1.05,22,1.74,1.0,0.22,7.0,0.25
506,Image_2949,384,32,3,87,37,62,2.86,30,2.35,0.04,0.44,1.0,0.2
507,Image_2948,384,32,3,80,78,79,3.24,47,1.03,1.75,0.37,7.0,0.7
508,Image_2947,384,32,3,51,60,56,1.97,24,1.18,0.2,0.38,9.0,0.2
509,Image_2946,384,32,3,72,63,68,12.06,36,1.14,0.5,0.4,4.0,0.3
510,Image_2945,384,32,3,75,52,64,1.33,32,1.44,0.0,0.48,0.0,0.1
511,Image_2944,384,32,3,37,59,48,7.86,16,1.59,0.58,0.31,25.0,0.3
512,Image_2943,384,32,3,58,60,59,1.65,27,1.03,0.53,0.36,10.0,0.3
513,Image_2942,384,32,3,48,48,48,1.03,16,1.0,0.79,0.19,11.0,0.25
514,Image_2941,384,32,3,86,82,84,10.9,52,1.05,0.89,0.57,8.0,0.5
515,Image_2939,384,32,3,24,32,28,4.29,4,1.33,0.49,0.36,17.0,0.45
516,Image_2938,384,32,3,79,68,74,15.61,42,1.16,0.12,0.64,1.0,0.8
517,Image_2937,384,32,3,44,44,44,12.12,12,1.0,0.2,0.37,13.0,0.4
518,Image_2936,384,32,3,84,54,69,12.91,37,1.56,1.09,0.41,12.0,0.7
519,Image_2935,384,32,3,83,41,62,2.41,30,2.02,0.86,0.38,6.0,0.3
520,Image_2933,384,32,3,53,36,44,10.11,12,1.47,0.46,0.55,38.0,0.6
521,Image_2932,384,32,3,94,54,74,11.58,42,1.74,0.92,0.34,12.0,0.4
522,Image_2931,384,32,3,59,49,54,26.1,22,1.2,0.31,0.53,20.0,0.15
523,Image_2930,384,32,3,35,46,40,4.48,8,1.31,0.09,0.47,5.0,0.2
524,Image_2929,384,32,3,37,35,36,2.45,4,1.06,0.51,0.38,26.0,0.35
525,Image_2927,384,32,3,30,46,38,4.29,6,1.53,0.02,0.42,1.0,0.3
526,Image_2926,384,32,3,94,53,74,6.51,42,1.77,0.5,0.35,8.0,0.4
527,Image_2924,384,32,3,47,45,46,2.54,14,1.04,0.38,0.25,15.0,0.3
528,Image_2923,384,32,3,53,34,44,8.82,12,1.56,1.32,0.32,49.0,0.7
529,Image_2922,384,32,3,75,66,70,14.52,38,1.14,0.19,0.35,3.0,0.3
530,Image_2921,384,32,3,67,55,61,12.4,29,1.22,0.5,0.32,9.0,0.5
531,Image_2920,384,32,3,40,79,60,10.44,28,1.98,0.13,0.64,2.0,0.3
532,Image_2918,384,32,3,47,49,48,1.7,16,1.04,0.43,0.55,19.0,0.4
533,Image_2916,384,32,3,17,18,18,2.78,14,1.06,0.37,0.51,55.0,0.2
534,Image_2915,384,32,3,45,48,46,3.97,14,1.07,0.49,0.35,20.0,0.35
535,Image_2914,384,32,3,33,76,54,3.09,22,2.3,0.75,0.15,12.0,0.25
536,Image_2913,384,32,3,69,72,70,7.9,38,1.04,4.0,0.52,12.0,0.7
537,Image_2912,384,32,3,34,36,35,1.03,3,1.06,0.16,0.37,10.0,0.2
538,Image_2910,384,32,3,49,177,113,1.35,81,3.61,0.56,0.61,5.0,0.5
539,Image_2908,384,32,3,44,53,48,4.41,16,1.2,0.03,0.35,1.0,0.4
540,Image_2248,384,32,3,38,56,47,2.96,15,1.47,0.13,0.38,8.0,0.2
541,Image_2225,384,32,3,94,109,102,13.89,70,1.16,0.36,0.49,5.0,0.5
542,Image_2209,384,32,3,100,148,124,8.56,92,1.48,0.57,0.6,4.0,0.6
543,Image_2203,384,32,3,64,100,82,8.41,50,1.56,1.0,0.37,11.0,0.7
544,Image_2195,384,32,3,122,115,118,8.88,86,1.06,0.18,0.7,2.0,0.3
545,Image_2177,384,32,3,79,128,104,7.82,72,1.62,0.29,0.42,6.0,0.2
546,Image_2165,384,32,3,81,104,92,3.98,60,1.28,0.17,0.48,5.0,0.2
547,Image_2155,384,32,3,101,95,98,3.77,66,1.06,0.0,0.63,0.0,0.3
548,Image_2152,384,32,3,72,127,100,26.52,68,1.76,0.57,0.42,8.0,0.5
549,Image_2142,384,32,3,76,87,82,15.41,50,1.14,0.09,0.48,3.0,0.25
550,Image_2141,384,32,3,83,109,96,7.47,64,1.31,1.2,0.38,6.0,0.4
551,Image_2138,384,32,3,53,83,68,7.41,36,1.57,0.81,0.34,13.0,0.15
552,Image_2140,384,32,3,77,73,75,17.72,43,1.05,0.0,0.49,0.0,0.4
553,Image_2051,384,32,3,102,56,79,9.09,47,1.82,0.06,0.71,1.0,0.4
554,Image_2036,384,32,3,76,51,64,4.55,32,1.49,0.04,0.79,1.0,0.3
555,Image_2035,384,32,3,108,40,74,5.26,42,2.7,0.1,0.81,3.0,0.3
556,Image_2026,384,32,3,83,58,70,4.52,38,1.43,0.2,0.88,4.0,0.3
557,Image_2019,384,32,3,119,81,100,5.13,68,1.47,0.39,0.85,9.0,0.5
558,Image_2018,384,32,3,34,73,54,4.33,22,2.15,0.22,0.71,19.0,0.8
559,Image_2011,384,32,3,55,35,45,2.34,13,1.57,0.35,0.65,43.0,0.5
560,Image_2009,384,32,3,29,22,26,0.94,6,1.32,0.58,0.76,271.0,0.35
561,Image_2008,384,32,3,51,46,48,2.13,16,1.11,0.48,0.72,39.0,0.4
562,Image_2007,384,32,3,41,36,38,13.34,6,1.14,0.02,0.6,2.0,0.3
563,Image_2005,384,32,3,31,24,28,0.47,4,1.29,0.56,0.77,179.0,0.4
564,Image_2004,384,32,3,35,22,28,1.89,4,1.59,0.53,0.72,259.0,0.4
565,Image_1493,384,32,3,17,28,22,1.32,10,1.65,1.58,0.29,41.0,0.5
566,Image_1463,384,32,3,31,37,34,6.78,2,1.19,0.18,0.34,9.0,0.3
567,Image_1461,384,32,3,15,23,19,1.67,13,1.53,1.06,0.39,51.0,0.3
568,Image_1456,384,32,3,15,21,18,2.32,14,1.4,0.1,0.55,16.0,0.2
569,Image_1130,384,32,3,15,10,12,1.7,20,1.5,0.56,0.9,22.0,0.8
570,Image_1106,384,32,3,31,28,30,5.92,2,1.11,0.29,0.52,11.0,0.4
571,Image_998,384,32,3,34,42,38,2.51,6,1.24,0.6,0.48,9.0,0.6
572,Image_996,384,32,3,59,78,68,8.63,36,1.32,0.64,0.48,7.0,0.3
573,Image_993,384,32,3,59,75,67,11.75,35,1.27,0.7,0.25,7.0,0.3
574,Image_991,384,32,3,18,29,24,1.05,8,1.61,0.08,0.63,8.0,0.4
575,Image_990,384,32,3,19,27,23,0.94,9,1.42,0.2,0.68,28.0,0.4
576,Image_989,384,32,3,27,82,54,8.61,22,3.04,0.1,0.47,6.0,0.25
577,Image_988,384,32,3,57,114,86,2.34,54,2.0,0.0,0.43,0.0,0.2
578,Image_985,384,32,3,30,46,38,6.6,6,1.53,0.43,0.57,16.0,0.6
579,Image_907,384,32,3,48,125,86,11.0,54,2.6,0.17,0.59,6.0,0.6
580,Image_906,384,32,3,13,28,20,3.02,12,2.15,2.67,0.48,171.0,0.9
581,Image_701,384,32,3,40,73,56,2.83,24,1.82,0.03,0.4,2.0,0.2
582,Image_693,384,32,3,61,84,72,2.03,40,1.38,0.23,0.51,5.0,0.2
583,Image_680,384,32,3,53,145,99,4.26,67,2.74,0.2,0.53,2.0,0.25
584,Image_349,384,32,3,51,100,76,2.28,44,1.96,0.5,0.43,13.0,0.4
585,Image_342,384,32,3,49,64,56,21.39,24,1.31,0.4,0.47,19.0,0.5
586,Image_336,384,32,3,35,45,40,4.14,8,1.29,0.92,0.95,183.0,1.0
587,Image_330,384,32,3,84,111,98,8.1,66,1.32,0.36,0.6,14.0,0.2
588,Image_317,384,32,3,16,25,20,3.57,12,1.56,0.4,0.54,4.0,0.2
589,Image_313,384,32,3,83,125,104,10.78,72,1.51,0.26,0.55,8.0,0.25
590,Image_293,384,32,3,45,72,58,6.54,26,1.6,0.07,0.41,3.0,0.2
591,Image_291,384,32,3,54,99,76,11.11,44,1.83,1.0,0.48,7.0,0.5
592,Image_286,384,32,3,53,87,70,13.14,38,1.64,0.09,0.48,1.0,0.7
593,Image_2,384,32,3,50,82,66,1.94,34,1.64,0.14,0.46,1.0,0.2
594,Image_7645,384,48,3,43,145,94,5.91,46,3.37,0.55,0.78,17.0,0.5
595,Image_7095,384,48,3,35,116,76,3.4,28,3.31,0.34,0.57,26.0,0.7
596,Image_7661,384,48,3,30,41,36,3.7,12,1.37,0.31,0.51,16.0,0.3
597,Image_7662,384,48,3,47,35,41,3.97,7,1.34,0.17,0.48,6.0,0.15
598,Image_6661,384,48,3,11,12,12,0.71,36,1.09,0.2,0.68,62.0,0.4
599,Image_6660,384,48,3,279,30,154,2.16,106,9.3,0.6,0.85,15.0,0.8
600,Image_6659,384,48,3,40,323,182,2.49,134,8.07,0.4,0.77,6.0,0.8
601,Image_6658,384,48,3,15,9,12,1.7,36,1.67,0.07,0.69,29.0,0.7
602,Image_6657,384,48,3,25,25,25,7.83,23,1.0,0.46,0.44,39.0,0.4
603,Image_6656,384,48,3,29,30,30,2.13,18,1.03,0.14,0.36,12.0,0.2
604,Image_6655,384,48,3,9,73,41,1.47,7,8.11,2.64,0.4,174.0,0.9
605,Image_6653,384,48,3,17,21,19,1.48,29,1.24,0.11,0.53,38.0,0.2
606,Image_6652,384,48,3,41,79,60,1.73,12,1.93,0.32,0.31,8.0,0.4
607,Image_6651,384,48,3,40,151,96,5.4,48,3.77,0.46,0.75,6.0,0.9
608,Image_6650,384,48,3,75,90,82,4.31,34,1.2,2.33,0.28,14.0,0.4
609,Image_6649,384,48,3,17,46,32,18.54,16,2.71,0.12,0.45,12.0,0.6
610,Image_6648,384,48,3,20,19,20,1.09,28,1.05,0.13,0.65,7.0,0.6
611,Image_6645,384,48,3,34,32,33,2.78,15,1.06,0.09,0.34,3.0,0.2
612,Image_6644,384,48,3,6,12,9,0.71,39,2.0,0.12,0.8,71.0,0.6
613,Image_5944,384,48,3,40,57,48,2.85,0,1.43,0.0,0.43,0.0,0.6
614,Image_5940,384,48,3,78,79,78,13.21,30,1.01,0.17,0.42,4.0,0.5
615,Image_5939,384,48,3,83,133,108,18.67,60,1.6,0.0,0.56,0.65,
616,Image_5938,384,48,3,57,88,72,6.97,24,1.54,0.11,0.45,3.0,0.25
617,Image_5936,384,48,3,54,69,62,2.19,14,1.28,0.2,0.28,3.0,0.25
618,Image_5934,384,48,3,61,84,72,7.26,24,1.38,0.29,0.47,7.0,0.3
619,Image_5933,384,48,3,79,44,62,6.98,14,1.8,0.37,0.56,7.0,0.35
620,Image_5932,384,48,3,99,64,82,4.21,34,1.55,0.09,0.34,2.0,0.15
621,Image_5931,384,48,3,86,137,112,8.67,64,1.59,0.29,0.61,2.0,0.4
622,Image_5930,384,48,3,65,71,68,2.72,20,1.09,0.52,0.63,15.0,0.7
623,Image_5929,384,48,3,32,57,44,3.11,4,1.78,0.1,0.33,7.0,0.1
624,Image_5926,384,48,3,42,73,58,1.05,10,1.74,0.11,0.43,1.0,0.4
625,Image_5925,384,48,3,138,98,118,19.77,70,1.41,0.38,0.39,6.0,0.7
626,Image_5924,384,48,3,101,103,102,6.4,54,1.02,0.23,0.4,3.0,0.5
627,Image_5923,384,48,3,81,68,74,3.3,26,1.19,0.41,0.57,9.0,0.5
628,Image_5922,384,48,3,26,36,31,0.94,17,1.38,0.24,0.59,11.0,0.45
629,Image_5921,384,48,3,51,76,64,1.82,16,1.49,0.0,0.39,0.0,0.35
630,Image_5918,384,48,3,72,53,62,3.25,14,1.36,0.09,0.46,1.0,0.5
631,Image_5917,384,48,3,53,74,64,1.57,16,1.4,0.2,0.59,3.0,0.5
632,Image_5915,384,48,3,49,56,52,2.87,4,1.14,0.33,0.5,6.0,0.5
633,Image_5602,384,48,3,54,74,64,1.57,16,1.37,0.56,0.67,27.0,0.9
634,Image_5601,384,48,3,54,74,64,1.67,16,1.37,0.37,0.61,13.0,0.9
635,Image_5600,384,48,3,21,24,22,1.05,26,1.14,0.03,0.46,5.0,0.15
636,Image_5598,384,48,3,58,79,68,1.71,20,1.36,0.26,0.48,8.0,0.4
637,Image_5596,384,48,3,35,49,42,4.73,6,1.4,0.25,0.39,8.0,0.2
638,Image_5595,384,48,3,69,92,80,4.59,32,1.33,0.07,0.48,1.0,0.3
639,Image_5594,384,48,3,60,77,68,2.89,20,1.28,0.42,0.66,11.0,0.5
640,Image_5593,384,48,3,49,65,57,3.83,9,1.33,0.51,0.67,24.0,0.9
641,Image_5592,384,48,3,37,21,29,1.18,19,1.76,0.03,0.41,3.0,0.15
642,Image_5591,384,48,3,65,47,56,2.98,8,1.38,0.3,0.5,14.0,0.3
643,Image_5590,384,48,3,74,102,88,7.77,40,1.38,0.19,0.44,4.0,0.35
644,Image_5588,384,48,3,36,42,39,2.51,9,1.17,0.14,0.45,8.0,0.3
645,Image_5587,384,48,3,57,72,64,2.1,16,1.26,0.64,0.74,28.0,0.45
646,Image_5585,384,48,3,44,59,52,3.3,4,1.34,0.41,0.56,22.0,0.3
647,Image_5584,384,48,3,37,27,32,3.11,16,1.37,0.12,0.44,7.0,0.3
648,Image_5583,384,48,3,52,68,60,2.11,12,1.31,0.14,0.39,2.0,0.35
649,Image_5582,384,48,3,37,38,38,2.05,10,1.03,0.31,0.35,11.0,0.3
650,Image_5581,384,48,3,72,101,86,4.3,38,1.4,0.33,0.56,2.0,0.35
651,Image_5580,384,48,3,42,48,45,1.94,3,1.14,0.28,0.56,16.0,0.25
652,Image_5576,384,48,3,44,48,46,4.38,2,1.09,0.09,0.53,7.0,0.45
653,Image_5575,384,48,3,69,73,71,3.01,23,1.06,0.33,0.47,3.0,0.3
654,Image_5574,384,48,3,20,21,20,1.09,28,1.05,0.08,0.45,8.0,0.05
655,Image_5573,384,48,3,42,43,42,2.25,6,1.02,0.0,0.29,0.0,0.0
656,Image_5572,384,48,3,60,96,78,7.49,30,1.6,2.0,0.41,6.0,0.7
657,Image_5571,384,48,3,51,65,58,1.59,10,1.27,0.39,0.61,13.0,0.8
658,Image_5568,384,48,3,38,49,44,9.86,4,1.29,0.03,0.43,1.0,0.4
659,Image_5567,384,48,3,45,41,43,6.13,5,1.1,0.06,0.37,3.0,0.4
660,Image_5566,384,48,3,60,74,67,9.57,19,1.23,0.15,0.36,6.0,0.3
661,Image_5563,384,48,3,17,12,14,2.03,34,1.42,0.22,0.69,53.0,0.35
662,Image_5390,384,48,3,84,53,68,10.3,20,1.58,0.0,0.43,0.0,0.3
663,Image_5386,384,48,3,51,77,64,1.97,16,1.51,0.12,0.39,2.0,0.3
664,Image_5382,384,48,3,48,65,56,2.34,8,1.35,0.18,0.56,2.0,0.7
665,Image_5380,384,48,3,94,76,85,6.04,37,1.24,0.1,0.48,1.0,0.3
666,Image_5378,384,48,3,76,73,74,2.42,26,1.04,0.31,0.58,5.0,0.3
667,Image_5376,384,48,3,100,77,88,6.25,40,1.3,0.07,0.62,1.0,0.3
668,Image_5375,384,48,3,100,79,90,7.9,42,1.27,0.0,0.4,0.0,0.2
669,Image_5372,384,48,3,57,47,52,5.72,4,1.21,0.06,0.41,2.0,0.3
670,Image_5371,384,48,3,53,52,52,3.28,4,1.02,0.0,0.35,0.0,0.1
671,Image_5369,384,48,3,42,50,46,5.72,2,1.19,0.0,0.42,0.0,0.3
672,Image_5368,384,48,3,26,24,25,1.72,23,1.08,0.07,0.47,10.0,0.4
673,Image_5367,384,48,3,19,31,25,0.47,23,1.63,0.06,0.45,9.0,0.1
674,Image_5366,384,48,3,26,37,32,1.56,16,1.42,0.04,0.36,2.0,0.2
675,Image_5364,384,48,3,49,56,52,2.57,4,1.14,0.15,0.41,4.0,0.6
676,Image_5363,384,48,3,31,40,36,3.71,12,1.29,0.09,0.37,3.0,0.3
677,Image_5361,384,48,3,29,43,36,4.15,12,1.48,0.29,0.35,6.0,0.3
678,Image_5360,384,48,3,29,40,34,2.55,14,1.38,0.06,0.36,4.0,0.3
679,Image_5359,384,48,3,17,24,20,0.64,28,1.41,0.13,0.49,5.0,0.0
680,Image_5358,384,48,3,55,73,64,3.13,16,1.33,0.42,0.54,18.0,0.4
681,Image_5149,384,48,3,25,32,28,2.16,20,1.28,0.08,0.52,8.0,0.5
682,Image_5143,384,48,3,23,45,34,8.85,14,1.96,0.2,0.57,16.0,0.4
683,Image_5142,384,48,3,22,29,26,3.27,22,1.32,0.18,0.55,40.0,0.5
684,Image_4970,384,48,3,35,46,40,1.87,8,1.31,0.05,0.49,2.0,0.4
685,Image_4969,384,48,3,38,28,33,5.18,15,1.36,0.11,0.44,14.0,0.25
686,Image_4967,384,48,3,65,99,82,3.4,34,1.52,0.12,0.52,2.0,0.5
687,Image_4966,384,48,3,60,83,72,6.22,24,1.38,0.07,0.42,3.0,0.3
688,Image_4965,384,48,3,75,120,98,17.03,50,1.6,0.67,0.61,6.0,0.4
689,Image_4964,384,48,3,41,55,48,8.38,0,1.34,0.04,0.33,2.0,0.15
690,Image_4963,384,48,3,19,31,25,2.49,23,1.63,0.21,0.5,57.0,0.1
691,Image_4962,384,48,3,37,41,39,5.26,9,1.11,0.12,0.38,4.0,0.25
692,Image_4961,384,48,3,10,17,14,1.97,34,1.7,0.26,0.7,126.0,0.5
693,Image_4960,384,48,3,59,84,72,19.51,24,1.42,0.09,0.49,3.0,0.3
694,Image_4959,384,48,3,38,62,50,1.65,2,1.63,0.16,0.49,6.0,0.9
695,Image_4958,384,48,3,44,60,52,11.44,4,1.36,0.02,0.38,3.0,0.15
696,Image_4957,384,48,3,26,35,30,9.81,18,1.35,0.13,0.46,14.0,0.4
697,Image_4956,384,48,3,27,45,36,7.56,12,1.67,0.0,0.46,0.0,0.1
698,Image_4955,384,48,3,35,46,40,9.02,8,1.31,0.02,0.34,3.0,0.1
699,Image_4954,384,48,3,43,66,54,9.37,6,1.53,0.26,0.5,6.0,0.6
700,Image_4953,384,48,3,30,52,41,7.53,7,1.73,0.11,0.42,6.0,0.25
701,Image_4952,384,48,3,19,23,21,3.12,27,1.21,0.05,0.5,14.0,0.15
702,Image_4951,384,48,3,22,19,20,3.11,28,1.16,0.1,0.62,18.0,0.25
703,Image_4950,384,48,3,41,54,48,11.93,0,1.32,0.23,0.5,10.0,0.3
704,Image_4949,384,48,3,24,35,30,3.76,18,1.46,0.07,0.49,7.0,0.3
705,Image_4948,384,48,3,81,140,110,17.37,62,1.73,1.57,0.6,11.0,0.7
706,Image_4947,384,48,3,20,35,28,3.65,20,1.75,0.22,0.49,58.0,0.2
707,Image_4946,384,48,3,40,56,48,12.03,0,1.4,0.04,0.4,3.0,0.3
708,Image_4945,384,48,3,33,44,38,1.26,10,1.33,0.07,0.47,3.0,0.4
709,Image_4944,384,48,3,24,32,28,4.51,20,1.33,0.26,0.57,17.0,0.4
710,Image_4943,384,48,3,42,64,53,2.46,5,1.52,0.07,0.44,5.0,0.35
711,Image_4942,384,48,3,49,78,64,2.21,16,1.59,0.27,0.36,12.0,0.3
712,Image_4941,384,48,3,31,42,36,3.71,12,1.35,0.03,0.32,5.0,0.2
713,Image_4940,384,48,3,53,98,76,5.22,28,1.85,0.07,0.38,2.0,0.15
714,Image_4939,384,48,3,70,95,82,16.33,34,1.36,0.11,0.48,2.0,0.3
715,Image_4938,384,48,3,26,51,38,9.32,10,1.96,0.16,0.52,11.0,0.25
716,Image_4933,384,48,3,77,59,68,8.67,20,1.31,0.02,0.43,1.0,0.2
717,Image_4924,384,48,3,36,59,48,4.56,0,1.64,0.03,0.47,2.0,0.15
718,Image_4923,384,48,3,39,59,49,4.47,1,1.51,0.03,0.46,1.0,0.2
719,Image_4908,384,48,3,42,74,58,7.45,10,1.76,0.71,0.34,10.0,0.2
720,Image_4904,384,48,3,60,86,73,9.72,25,1.43,0.57,0.3,4.0,0.15
721,Image_4903,384,48,3,56,73,64,3.09,16,1.3,0.31,0.48,8.0,0.3
722,Image_4885,384,48,3,51,41,46,6.71,2,1.24,0.15,0.75,2.0,0.35
723,Image_4875,384,48,3,57,74,66,4.85,18,1.3,0.27,0.56,15.0,0.3
724,Image_4874,384,48,3,43,66,54,5.17,6,1.53,0.18,0.45,15.0,0.25
725,Image_4502,384,48,3,23,312,168,3.28,120,13.57,0.45,0.67,17.0,0.9
726,Image_4501,384,48,3,20,321,170,5.21,122,16.05,0.31,0.74,8.0,1.0
727,Image_4500,384,48,3,44,351,198,8.12,150,7.98,0.2,0.71,2.0,0.9
728,Image_4497,384,48,3,24,301,162,11.72,114,12.54,0.52,0.82,15.0,0.9
729,Image_4496,384,48,3,27,337,182,10.04,134,12.48,0.92,0.93,144.0,1.0
730,Image_4494,384,48,3,14,285,150,11.98,102,20.36,0.52,0.69,28.0,0.5
731,Image_4493,384,48,3,19,308,164,2.21,116,16.21,0.12,0.76,2.0,0.8
732,Image_4409,384,48,3,48,80,64,13.0,16,1.67,0.5,0.79,9.0,1.0
733,Image_4407,384,48,3,20,39,30,18.12,18,1.95,0.25,0.36,14.0,0.3
734,Image_4406,384,48,3,13,27,20,11.5,28,2.08,0.09,0.47,1.0,0.15
735,Image_4296,384,48,3,59,67,63,3.89,15,1.14,0.03,0.37,1.0,0.15
736,Image_4286,384,48,3,17,27,22,4.13,26,1.59,0.15,0.49,60.0,0.1
737,Image_4175,384,48,3,78,126,102,4.58,54,1.62,0.62,0.7,8.0,0.8
738,Image_4170,384,48,3,29,119,74,5.58,26,4.1,0.32,0.6,16.0,0.8
739,Image_4123,384,48,3,69,61,65,10.97,17,1.13,0.3,0.41,3.0,0.4
740,Image_4122,384,48,3,68,111,90,16.9,42,1.63,0.25,0.57,4.0,0.25
741,Image_4121,384,48,3,69,108,88,7.0,40,1.57,0.17,0.65,2.0,0.6
742,Image_4120,384,48,3,43,56,50,3.53,2,1.3,0.04,0.44,2.0,0.2
743,Image_4119,384,48,3,78,112,95,2.49,47,1.44,0.71,0.43,5.0,0.6
744,Image_4116,384,48,3,59,80,70,4.25,22,1.36,0.17,0.49,3.0,0.2
745,Image_4115,384,48,3,39,72,56,4.39,8,1.85,1.0,0.64,4.0,0.8
746,Image_4113,384,48,3,40,57,48,4.57,0,1.43,0.33,0.64,18.0,0.4
747,Image_4111,384,48,3,35,42,38,2.94,10,1.2,0.17,0.56,5.0,0.3
748,Image_4110,384,48,3,132,52,92,17.65,44,2.54,0.0,0.49,0.0,0.25
749,Image_4089,384,48,3,31,60,46,1.33,2,1.94,0.18,0.43,13.0,0.4
750,Image_4088,384,48,3,46,59,52,4.74,4,1.28,0.18,0.47,6.0,0.3
751,Image_4087,384,48,3,40,31,36,0.71,12,1.29,0.01,0.42,1.0,0.15
752,Image_4086,384,48,3,53,75,64,2.4,16,1.42,0.14,0.42,2.0,0.2
753,Image_4085,384,48,3,26,36,31,1.44,17,1.38,0.07,0.44,5.0,0.2
754,Image_4084,384,48,3,44,57,50,6.06,2,1.3,0.33,0.57,6.0,0.15
755,Image_4083,384,48,3,54,54,54,1.32,6,1.0,0.62,0.29,36.0,0.25
756,Image_4082,384,48,3,28,22,25,1.78,23,1.27,0.08,0.43,8.0,0.2
757,Image_4079,384,48,3,44,61,52,3.18,4,1.39,0.11,0.35,3.0,0.2
758,Image_4078,384,48,3,32,52,42,3.92,6,1.62,0.18,0.38,9.0,0.3
759,Image_4077,384,48,3,17,34,26,4.73,22,2.0,0.08,0.36,16.0,0.25
760,Image_4074,384,48,3,48,62,55,2.63,7,1.29,0.36,0.56,13.0,0.6
761,Image_4073,384,48,3,65,60,62,5.03,14,1.08,0.24,0.39,8.0,0.15
762,Image_4072,384,48,3,65,86,76,4.11,28,1.32,0.08,0.44,1.0,0.2
763,Image_4069,384,48,3,35,26,30,2.89,18,1.35,0.0,0.39,0.0,0.1
764,Image_4068,384,48,3,71,99,85,4.99,37,1.39,0.17,0.54,2.0,0.3
765,Image_4067,384,48,3,38,52,45,2.07,3,1.37,0.0,0.42,0.0,0.2
766,Image_4066,384,48,3,72,98,85,4.13,37,1.36,0.12,0.45,1.0,0.4
767,Image_4065,384,48,3,51,40,46,4.7,2,1.27,0.16,0.49,7.0,0.2
768,Image_4063,384,48,3,57,57,57,3.93,9,1.0,0.15,0.44,2.0,0.05
769,Image_4062,384,48,3,15,25,20,4.78,28,1.67,0.23,0.53,81.0,0.3
770,Image_3697,384,48,3,149,108,128,8.06,80,1.38,0.35,0.75,6.0,0.3
771,Image_3696,384,48,3,146,126,136,6.6,88,1.16,0.47,0.82,7.0,0.3
772,Image_3694,384,48,3,57,86,72,4.52,24,1.51,0.03,0.48,1.0,0.4
773,Image_3693,384,48,3,44,54,49,2.17,1,1.23,0.16,0.27,5.0,0.3
774,Image_3651,384,48,3,89,114,102,8.77,54,1.28,0.1,0.67,1.0,0.4
775,Image_3650,384,48,3,47,81,64,9.85,16,1.72,0.27,0.61,3.0,0.25
776,Image_3645,384,48,3,45,49,47,8.12,1,1.09,0.25,0.47,12.0,0.5
777,Image_3644,384,48,3,63,61,62,17.41,14,1.03,0.08,0.53,1.0,0.3
778,Image_3501,384,48,3,30,41,36,6.66,12,1.37,0.05,0.37,3.0,0.25
779,Image_3500,384,48,3,51,70,60,4.19,12,1.37,0.17,0.44,3.0,0.15
780,Image_3494,384,48,3,85,53,69,4.23,21,1.6,0.14,0.53,6.0,0.3
781,Image_3342,384,48,3,72,112,92,3.12,44,1.56,0.33,0.4,3.0,0.5
782,Image_3341,384,48,3,52,57,54,2.28,6,1.1,0.38,0.18,10.0,0.4
783,Image_3339,384,48,3,67,94,80,5.02,32,1.4,1.27,0.22,14.0,0.3
784,Image_3329,384,48,3,15,10,12,2.06,36,1.5,0.26,0.71,61.0,0.6
785,Image_3310,384,48,3,40,50,45,1.94,3,1.25,0.24,0.21,6.0,0.15
786,Image_3309,384,48,3,49,80,64,4.99,16,1.63,0.23,0.3,3.0,0.15
787,Image_3284,384,48,3,80,92,86,18.34,38,1.15,0.07,0.36,1.0,0.25
788,Image_3283,384,48,3,31,32,32,9.74,16,1.03,0.0,0.37,0.0,0.15
789,Image_3282,384,48,3,57,63,60,10.84,12,1.11,0.03,0.35,1.0,0.4
790,Image_3281,384,48,3,90,57,74,14.73,26,1.58,0.36,0.38,4.0,0.3
791,Image_3279,384,48,3,44,59,52,7.88,4,1.34,0.15,0.34,3.0,0.25
792,Image_3278,384,48,3,55,41,48,4.52,0,1.34,0.19,0.49,7.0,0.3
793,Image_3275,384,48,3,80,72,76,5.56,28,1.11,0.33,0.48,6.0,0.8
794,Image_3271,384,48,3,96,102,99,12.29,51,1.06,0.42,0.59,15.0,0.6
795,Image_3270,384,48,3,68,80,74,7.03,26,1.18,0.06,0.33,1.0,0.3
796,Image_3268,384,48,3,68,77,72,11.06,24,1.13,0.05,0.48,1.0,0.25
797,Image_3160,384,48,3,89,93,91,7.13,43,1.04,0.13,0.55,2.0,0.3
798,Image_2956,384,48,3,81,46,64,12.53,16,1.76,0.17,0.57,5.0,0.6
799,Image_2955,384,48,3,39,31,35,3.12,13,1.26,0.05,0.43,5.0,0.25
800,Image_2954,384,48,3,47,78,62,0.88,14,1.66,0.09,0.43,3.0,0.3
801,Image_2952,384,48,3,28,59,44,3.1,4,2.11,0.07,0.43,5.0,0.3
802,Image_2951,384,48,3,39,68,54,1.05,6,1.74,0.18,0.43,3.0,0.2
803,Image_2949,384,48,3,87,37,62,2.86,14,2.35,0.49,0.6,23.0,0.7
804,Image_2948,384,48,3,80,78,79,3.24,31,1.03,0.0,0.49,0.0,0.8
805,Image_2947,384,48,3,51,60,56,1.97,8,1.18,0.03,0.33,1.0,0.4
806,Image_2946,384,48,3,72,63,68,12.06,20,1.14,0.08,0.51,1.0,0.5
807,Image_2945,384,48,3,75,52,64,1.33,16,1.44,0.26,0.53,5.0,0.35
808,Image_2944,384,48,3,37,59,48,7.86,0,1.59,0.05,0.39,3.0,0.2
809,Image_2943,384,48,3,58,60,59,1.65,11,1.03,0.12,0.45,4.0,0.4
810,Image_2942,384,48,3,48,48,48,1.03,0,1.0,0.25,0.3,5.0,0.5
811,Image_2941,384,48,3,86,82,84,10.9,36,1.05,0.15,0.62,3.0,0.8
812,Image_2939,384,48,3,24,32,28,4.29,20,1.33,0.37,0.39,14.0,0.5
813,Image_2938,384,48,3,79,68,74,15.61,26,1.16,0.1,0.65,1.0,0.7
814,Image_2937,384,48,3,44,44,44,12.12,4,1.0,0.73,0.31,33.0,0.7
815,Image_2936,384,48,3,84,54,69,12.91,21,1.56,0.26,0.53,8.0,0.6
816,Image_2935,384,48,3,83,41,62,2.41,14,2.02,0.0,0.47,0.0,0.8
817,Image_2933,384,48,3,53,36,44,10.11,4,1.47,0.13,0.47,7.0,0.25
818,Image_2932,384,48,3,94,54,74,11.58,26,1.74,0.22,0.51,7.0,0.7
819,Image_2931,384,48,3,59,49,54,26.1,6,1.2,0.1,0.45,5.0,0.2
820,Image_2930,384,48,3,35,46,40,4.48,8,1.31,0.13,0.51,9.0,0.15
821,Image_2929,384,48,3,37,35,36,2.45,12,1.06,0.1,0.49,7.0,0.4
822,Image_2927,384,48,3,30,46,38,4.29,10,1.53,0.0,0.41,0.0,0.4
823,Image_2926,384,48,3,94,53,74,6.51,26,1.77,0.29,0.52,10.0,0.5
824,Image_2924,384,48,3,47,45,46,2.54,2,1.04,0.06,0.32,3.0,0.15
825,Image_2923,384,48,3,53,34,44,8.82,4,1.56,0.51,0.38,29.0,0.5
826,Image_2922,384,48,3,75,66,70,14.52,22,1.14,0.0,0.38,0.0,0.3
827,Image_2921,384,48,3,67,55,61,12.4,13,1.22,0.04,0.38,1.0,0.5
828,Image_2920,384,48,3,40,79,60,10.44,12,1.98,0.43,0.68,10.0,0.3
829,Image_2918,384,48,3,47,49,48,1.7,0,1.04,0.32,0.52,12.0,0.5
830,Image_2916,384,48,3,17,18,18,2.78,30,1.06,0.34,0.52,51.0,0.25
831,Image_2915,384,48,3,45,48,46,3.97,2,1.07,0.05,0.44,3.0,0.3
832,Image_2914,384,48,3,33,76,54,3.09,6,2.3,0.07,0.38,2.0,0.15
833,Image_2913,384,48,3,69,72,70,7.9,22,1.04,0.88,0.54,7.0,0.6
834,Image_2912,384,48,3,34,36,35,1.03,13,1.06,0.01,0.42,1.0,0.1
835,Image_2910,384,48,3,49,177,113,1.35,65,3.61,0.39,0.66,9.0,0.8
836,Image_2908,384,48,3,44,53,48,4.41,0,1.2,0.0,0.36,0.0,0.2
837,Image_2248,384,48,3,38,56,47,2.96,1,1.47,0.18,0.46,12.0,0.15
838,Image_2225,384,48,3,94,109,102,13.89,54,1.16,0.0,0.57,0.0,0.2
839,Image_2209,384,48,3,100,148,124,8.56,76,1.48,0.22,0.61,2.0,0.6
840,Image_2203,384,48,3,64,100,82,8.41,34,1.56,0.16,0.42,3.0,0.5
841,Image_2195,384,48,3,122,115,118,8.88,70,1.06,0.44,0.68,4.0,0.4
842,Image_2177,384,48,3,79,128,104,7.82,56,1.62,0.08,0.46,2.0,0.15
843,Image_2165,384,48,3,81,104,92,3.98,44,1.28,0.31,0.52,11.0,0.15
844,Image_2155,384,48,3,101,95,98,3.77,50,1.06,0.18,0.63,4.0,0.15
845,Image_2152,384,48,3,72,127,100,26.52,52,1.76,0.29,0.38,5.0,0.6
846,Image_2142,384,48,3,76,87,82,15.41,34,1.14,0.08,0.47,3.0,0.2
847,Image_2141,384,48,3,83,109,96,7.47,48,1.31,0.1,0.44,1.0,0.3
848,Image_2138,384,48,3,53,83,68,7.41,20,1.57,0.26,0.41,6.0,0.3
849,Image_2140,384,48,3,77,73,75,17.72,27,1.05,0.19,0.51,5.0,0.2
850,Image_2051,384,48,3,102,56,79,9.09,31,1.82,0.29,0.66,6.0,0.5
851,Image_2036,384,48,3,76,51,64,4.55,16,1.49,0.16,0.77,5.0,0.4
852,Image_2035,384,48,3,108,40,74,5.26,26,2.7,0.32,0.79,13.0,0.5
853,Image_2026,384,48,3,83,58,70,4.52,22,1.43,0.3,0.85,7.0,0.4
854,Image_2019,384,48,3,119,81,100,5.13,52,1.47,0.53,0.83,16.0,0.7
855,Image_2018,384,48,3,34,73,54,4.33,6,2.15,0.3,0.7,29.0,0.6
856,Image_2011,384,48,3,55,35,45,2.34,3,1.57,0.4,0.69,53.0,0.3
857,Image_2009,384,48,3,29,22,26,0.94,22,1.32,0.61,0.77,316.0,0.7
858,Image_2008,384,48,3,51,46,48,2.13,0,1.11,0.65,0.8,77.0,0.5
859,Image_2007,384,48,3,41,36,38,13.34,10,1.14,0.3,0.67,46.0,0.6
860,Image_2005,384,48,3,31,24,28,0.47,20,1.29,0.58,0.78,195.0,0.6
861,Image_2004,384,48,3,35,22,28,1.89,20,1.59,0.53,0.73,253.0,0.6
862,Image_1493,384,48,3,17,28,22,1.32,26,1.65,3.47,0.27,52.0,0.8
863,Image_1463,384,48,3,31,37,34,6.78,14,1.19,0.25,0.31,12.0,0.3
864,Image_1461,384,48,3,15,23,19,1.67,29,1.53,2.3,0.37,69.0,0.4
865,Image_1456,384,48,3,15,21,18,2.32,30,1.4,0.48,0.49,60.0,0.35
866,Image_1130,384,48,3,15,10,12,1.7,36,1.5,0.56,0.92,22.0,0.9
867,Image_1106,384,48,3,31,28,30,5.92,18,1.11,0.04,0.65,2.0,0.7
868,Image_998,384,48,3,34,42,38,2.51,10,1.24,0.04,0.6,1.0,0.6
869,Image_996,384,48,3,59,78,68,8.63,20,1.32,0.06,0.55,1.0,0.7
870,Image_993,384,48,3,59,75,67,11.75,19,1.27,0.42,0.36,5.0,0.3
871,Image_991,384,48,3,18,29,24,1.05,24,1.61,0.16,0.66,18.0,0.35
872,Image_990,384,48,3,19,27,23,0.94,25,1.42,0.02,0.64,2.0,0.5
873,Image_989,384,48,3,27,82,54,8.61,6,3.04,0.05,0.52,4.0,0.6
874,Image_988,384,48,3,57,114,86,2.34,38,2.0,0.25,0.46,4.0,0.7
875,Image_985,384,48,3,30,46,38,6.6,10,1.53,0.2,0.66,13.0,0.8
876,Image_907,384,48,3,48,125,86,11.0,38,2.6,0.31,0.67,13.0,1.0
877,Image_906,384,48,3,13,28,20,3.02,28,2.15,0.04,0.62,10.0,0.5
878,Image_701,384,48,3,40,73,56,2.83,8,1.82,0.13,0.45,9.0,0.2
879,Image_693,384,48,3,61,84,72,2.03,24,1.38,0.19,0.5,4.0,0.1
880,Image_680,384,48,3,53,145,99,4.26,51,2.74,0.33,0.58,6.0,0.6
881,Image_349,384,48,3,51,100,76,2.28,28,1.96,0.26,0.47,8.0,0.3
882,Image_342,384,48,3,49,64,56,21.39,8,1.31,0.11,0.51,6.0,0.25
883,Image_336,384,48,3,35,45,40,4.14,8,1.29,0.9,0.93,140.0,1.0
884,Image_330,384,48,3,84,111,98,8.1,50,1.32,0.55,0.69,30.0,0.25
885,Image_317,384,48,3,16,25,20,3.57,28,1.56,0.26,0.69,5.0,0.6
886,Image_313,384,48,3,83,125,104,10.78,56,1.51,0.57,0.68,31.0,0.4
887,Image_293,384,48,3,45,72,58,6.54,10,1.6,0.27,0.47,15.0,0.3
888,Image_291,384,48,3,54,99,76,11.11,28,1.83,0.4,0.45,4.0,0.3
889,Image_286,384,48,3,53,87,70,13.14,22,1.64,0.38,0.55,6.0,0.3
890,Image_2,384,48,3,50,82,66,1.94,18,1.64,0.33,0.4,2.0,0.25
891,Image_7645,384,64,3,43,145,94,5.91,30,3.37,0.65,0.79,26.0,0.5
892,Image_7095,384,64,3,35,116,76,3.4,12,3.31,0.4,0.56,33.0,0.4
893,Image_7661,384,64,3,30,41,36,3.7,28,1.37,0.29,0.48,15.0,0.5
894,Image_7662,384,64,3,47,35,41,3.97,23,1.34,0.12,0.44,4.0,0.2
895,Image_6661,384,64,3,11,12,12,0.71,52,1.09,0.22,0.67,67.0,0.4
896,Image_6660,384,64,3,279,30,154,2.16,90,9.3,0.33,0.87,5.0,0.7
897,Image_6659,384,64,3,40,323,182,2.49,118,8.07,0.4,0.76,6.0,0.8
898,Image_6658,384,64,3,15,9,12,1.7,52,1.67,0.32,0.79,168.0,1.0
899,Image_6657,384,64,3,25,25,25,7.83,39,1.0,0.11,0.45,12.0,0.3
900,Image_6656,384,64,3,29,30,30,2.13,34,1.03,0.08,0.38,9.0,0.2
901,Image_6655,384,64,3,9,73,41,1.47,23,8.11,0.12,0.56,32.0,0.7
902,Image_6653,384,64,3,17,21,19,1.48,45,1.24,0.04,0.51,13.0,0.15
903,Image_6652,384,64,3,41,79,60,1.73,4,1.93,0.1,0.31,3.0,0.3
904,Image_6651,384,64,3,40,151,96,5.4,32,3.77,0.27,0.7,4.0,0.9
905,Image_6650,384,64,3,75,90,82,4.31,18,1.2,1.5,0.25,12.0,0.5
906,Image_6649,384,64,3,17,46,32,18.54,32,2.71,0.04,0.51,4.0,0.5
907,Image_6648,384,64,3,20,19,20,1.09,44,1.05,0.23,0.6,9.0,0.5
908,Image_6645,384,64,3,34,32,33,2.78,31,1.06,0.03,0.36,1.0,0.0
909,Image_6644,384,64,3,6,12,9,0.71,55,2.0,0.19,0.81,116.0,0.5
910,Image_5944,384,64,3,40,57,48,2.85,16,1.43,0.15,0.41,2.0,0.9
911,Image_5940,384,64,3,78,79,78,13.21,14,1.01,0.8,0.35,12.0,0.8
912,Image_5939,384,64,3,83,133,108,18.67,44,1.6,1.67,0.64,5.0,0.8
913,Image_5938,384,64,3,57,88,72,6.97,8,1.54,0.41,0.41,9.0,0.7
914,Image_5936,384,64,3,54,69,62,2.19,2,1.28,1.25,0.24,10.0,0.7
915,Image_5934,384,64,3,61,84,72,7.26,8,1.38,0.0,0.45,0.0,0.7
916,Image_5933,384,64,3,79,44,62,6.98,2,1.8,0.08,0.49,1.0,0.8
917,Image_5932,384,64,3,99,64,82,4.21,18,1.55,0.18,0.35,3.0,0.2
918,Image_5931,384,64,3,86,137,112,8.67,48,1.59,1.25,0.75,5.0,1.0
919,Image_5930,384,64,3,65,71,68,2.72,4,1.09,0.07,0.6,1.0,0.6
920,Image_5929,384,64,3,32,57,44,3.11,20,1.78,0.58,0.28,28.0,0.5
921,Image_5926,384,64,3,42,73,58,1.05,6,1.74,0.25,0.39,2.0,0.3
922,Image_5925,384,64,3,138,98,118,19.77,54,1.41,1.44,0.29,13.0,0.8
923,Image_5924,384,64,3,101,103,102,6.4,38,1.02,1.29,0.26,9.0,0.6
924,Image_5923,384,64,3,81,68,74,3.3,10,1.19,0.0,0.47,0.0,0.7
925,Image_5922,384,64,3,26,36,31,0.94,33,1.38,0.29,0.61,14.0,0.6
926,Image_5921,384,64,3,51,76,64,1.82,0,1.49,0.36,0.36,8.0,0.7
927,Image_5918,384,64,3,72,53,62,3.25,2,1.36,0.5,0.48,4.0,0.8
928,Image_5917,384,64,3,53,74,64,1.57,0,1.4,0.2,0.54,2.0,0.8
929,Image_5915,384,64,3,49,56,52,2.87,12,1.14,0.0,0.45,0.0,0.6
930,Image_5602,384,64,3,54,74,64,1.57,0,1.37,0.32,0.53,10.0,0.5
931,Image_5601,384,64,3,54,74,64,1.67,0,1.37,0.24,0.54,7.0,0.6
932,Image_5600,384,64,3,21,24,22,1.05,42,1.14,0.1,0.41,13.0,0.15
933,Image_5598,384,64,3,58,79,68,1.71,4,1.36,0.5,0.63,23.0,0.6
934,Image_5596,384,64,3,35,49,42,4.73,22,1.4,0.05,0.44,2.0,0.2
935,Image_5595,384,64,3,69,92,80,4.59,16,1.33,0.07,0.54,1.0,0.6
936,Image_5594,384,64,3,60,77,68,2.89,4,1.28,0.48,0.67,14.0,0.6
937,Image_5593,384,64,3,49,65,57,3.83,7,1.33,0.18,0.47,5.0,0.4
938,Image_5592,384,64,3,37,21,29,1.18,35,1.76,0.1,0.41,10.0,0.15
939,Image_5591,384,64,3,65,47,56,2.98,8,1.38,0.27,0.48,12.0,0.35
940,Image_5590,384,64,3,74,102,88,7.77,24,1.38,0.06,0.45,1.0,0.5
941,Image_5588,384,64,3,36,42,39,2.51,25,1.17,0.3,0.49,21.0,0.6
942,Image_5587,384,64,3,57,72,64,2.1,0,1.26,0.38,0.58,10.0,0.5
943,Image_5585,384,64,3,44,59,52,3.3,12,1.34,0.32,0.51,15.0,0.4
944,Image_5584,384,64,3,37,27,32,3.11,32,1.37,0.18,0.5,11.0,0.3
945,Image_5583,384,64,3,52,68,60,2.11,4,1.31,0.2,0.33,2.0,0.35
946,Image_5582,384,64,3,37,38,38,2.05,26,1.03,0.47,0.25,15.0,0.35
947,Image_5581,384,64,3,72,101,86,4.3,22,1.4,0.33,0.6,2.0,0.5
948,Image_5580,384,64,3,42,48,45,1.94,19,1.14,0.22,0.54,12.0,0.5
949,Image_5576,384,64,3,44,48,46,4.38,18,1.09,0.16,0.55,13.0,0.6
950,Image_5575,384,64,3,69,73,71,3.01,7,1.06,0.71,0.48,5.0,0.65
951,Image_5574,384,64,3,20,21,20,1.09,44,1.05,0.16,0.49,17.0,0.2
952,Image_5573,384,64,3,42,43,42,2.25,22,1.02,0.13,0.24,3.0,0.2
953,Image_5572,384,64,3,60,96,78,7.49,14,1.6,3.5,0.39,7.0,0.8
954,Image_5571,384,64,3,51,65,58,1.59,6,1.27,0.23,0.5,6.0,0.4
955,Image_5568,384,64,3,38,49,44,9.86,20,1.29,0.3,0.49,13.0,0.6
956,Image_5567,384,64,3,45,41,43,6.13,21,1.1,0.13,0.35,6.0,0.3
957,Image_5566,384,64,3,60,74,67,9.57,3,1.23,0.14,0.27,4.0,0.15
958,Image_5563,384,64,3,17,12,14,2.03,50,1.42,0.16,0.67,35.0,0.5
959,Image_5390,384,64,3,84,53,68,10.3,4,1.58,0.56,0.32,5.0,0.5
960,Image_5386,384,64,3,51,77,64,1.97,0,1.51,0.17,0.37,2.0,0.4
961,Image_5382,384,64,3,48,65,56,2.34,8,1.35,0.18,0.6,2.0,0.9
962,Image_5380,384,64,3,94,76,85,6.04,21,1.24,0.12,0.44,1.0,0.4
963,Image_5378,384,64,3,76,73,74,2.42,10,1.04,0.1,0.55,1.0,0.3
964,Image_5376,384,64,3,100,77,88,6.25,24,1.3,0.3,0.54,3.0,0.3
965,Image_5375,384,64,3,100,79,90,7.9,26,1.27,0.38,0.35,5.0,0.6
966,Image_5372,384,64,3,57,47,52,5.72,12,1.21,0.72,0.28,13.0,0.6
967,Image_5371,384,64,3,53,52,52,3.28,12,1.02,0.83,0.19,20.0,0.25
968,Image_5369,384,64,3,42,50,46,5.72,18,1.19,0.13,0.43,3.0,0.6
969,Image_5368,384,64,3,26,24,25,1.72,39,1.08,0.09,0.46,13.0,0.25
970,Image_5367,384,64,3,19,31,25,0.47,39,1.63,0.16,0.47,28.0,0.15
971,Image_5366,384,64,3,26,37,32,1.56,32,1.42,0.02,0.43,1.0,0.25
972,Image_5364,384,64,3,49,56,52,2.57,12,1.14,0.23,0.43,7.0,0.5
973,Image_5363,384,64,3,31,40,36,3.71,28,1.29,0.13,0.33,4.0,0.35
974,Image_5361,384,64,3,29,43,36,4.15,28,1.48,0.5,0.29,9.0,0.4
975,Image_5360,384,64,3,29,40,34,2.55,30,1.38,0.03,0.38,2.0,0.25
976,Image_5359,384,64,3,17,24,20,0.64,44,1.41,0.1,0.48,3.0,0.0
977,Image_5358,384,64,3,55,73,64,3.13,0,1.33,0.14,0.41,4.0,0.15
978,Image_5149,384,64,3,25,32,28,2.16,36,1.28,0.18,0.51,17.0,0.5
979,Image_5143,384,64,3,23,45,34,8.85,30,1.96,0.21,0.6,17.0,0.4
980,Image_5142,384,64,3,22,29,26,3.27,38,1.32,0.08,0.49,15.0,0.6
981,Image_4970,384,64,3,35,46,40,1.87,24,1.31,0.12,0.54,6.0,0.6
982,Image_4969,384,64,3,38,28,33,5.18,31,1.36,0.16,0.46,21.0,0.4
983,Image_4967,384,64,3,65,99,82,3.4,18,1.52,0.19,0.52,3.0,0.7
984,Image_4966,384,64,3,60,83,72,6.22,8,1.38,0.59,0.33,17.0,0.6
985,Image_4965,384,64,3,75,120,98,17.03,34,1.6,0.5,0.6,5.0,0.3
986,Image_4964,384,64,3,41,55,48,8.38,16,1.34,0.26,0.47,18.0,0.5
987,Image_4963,384,64,3,19,31,25,2.49,39,1.63,0.17,0.5,44.0,0.2
988,Image_4962,384,64,3,37,41,39,5.26,25,1.11,0.12,0.39,3.0,0.15
989,Image_4961,384,64,3,10,17,14,1.97,50,1.7,0.15,0.66,64.0,0.4
990,Image_4960,384,64,3,59,84,72,19.51,8,1.42,0.26,0.37,6.0,0.5
991,Image_4959,384,64,3,38,62,50,1.65,14,1.63,0.0,0.49,0.0,0.7
992,Image_4958,384,64,3,44,60,52,11.44,12,1.36,0.06,0.4,7.0,0.3
993,Image_4957,384,64,3,26,35,30,9.81,34,1.35,0.24,0.49,29.0,0.4
994,Image_4956,384,64,3,27,45,36,7.56,28,1.67,0.15,0.5,18.0,0.2
995,Image_4955,384,64,3,35,46,40,9.02,24,1.31,0.06,0.37,9.0,0.15
996,Image_4954,384,64,3,43,66,54,9.37,10,1.53,0.03,0.63,1.0,0.7
997,Image_4953,384,64,3,30,52,41,7.53,23,1.73,0.23,0.46,15.0,0.5
998,Image_4952,384,64,3,19,23,21,3.12,43,1.21,0.23,0.55,73.0,0.4
999,Image_4951,384,64,3,22,19,20,3.11,44,1.16,0.21,0.64,45.0,0.4
1000,Image_4950,384,64,3,41,54,48,11.93,16,1.32,0.23,0.53,10.0,0.35
1001,Image_4949,384,64,3,24,35,30,3.76,34,1.46,0.1,0.52,11.0,0.5
1002,Image_4948,384,64,3,81,140,110,17.37,46,1.73,1.25,0.57,10.0,0.6
1003,Image_4947,384,64,3,20,35,28,3.65,36,1.75,0.24,0.49,64.0,0.2
1004,Image_4946,384,64,3,40,56,48,12.03,16,1.4,0.2,0.34,12.0,0.5
1005,Image_4945,384,64,3,33,44,38,1.26,26,1.33,0.11,0.48,5.0,0.6
1006,Image_4944,384,64,3,24,32,28,4.51,36,1.33,0.36,0.62,27.0,0.7
1007,Image_4943,384,64,3,42,64,53,2.46,11,1.52,0.29,0.51,26.0,0.3
1008,Image_4942,384,64,3,49,78,64,2.21,0,1.59,0.56,0.33,20.0,0.4
1009,Image_4941,384,64,3,31,42,36,3.71,28,1.35,0.08,0.37,16.0,0.2
1010,Image_4940,384,64,3,53,98,76,5.22,12,1.85,0.63,0.26,12.0,0.4
1011,Image_4939,384,64,3,70,95,82,16.33,18,1.36,0.11,0.49,2.0,0.25
1012,Image_4938,384,64,3,26,51,38,9.32,26,1.96,0.26,0.53,20.0,0.4
1013,Image_4933,384,64,3,77,59,68,8.67,4,1.31,0.04,0.43,2.0,0.25
1014,Image_4924,384,64,3,36,59,48,4.56,16,1.64,0.11,0.52,8.0,0.3
1015,Image_4923,384,64,3,39,59,49,4.47,15,1.51,0.03,0.5,1.0,0.3
1016,Image_4908,384,64,3,42,74,58,7.45,6,1.76,0.6,0.38,9.0,0.3
1017,Image_4904,384,64,3,60,86,73,9.72,9,1.43,0.57,0.33,4.0,0.35
1018,Image_4903,384,64,3,56,73,64,3.09,0,1.3,0.1,0.4,2.0,0.3
1019,Image_4885,384,64,3,51,41,46,6.71,18,1.24,0.15,0.74,2.0,0.3
1020,Image_4875,384,64,3,57,74,66,4.85,2,1.3,0.23,0.55,12.0,0.4
1021,Image_4874,384,64,3,43,66,54,5.17,10,1.53,0.27,0.47,26.0,0.2
1022,Image_4502,384,64,3,23,312,168,3.28,104,13.57,0.47,0.72,19.0,0.9
1023,Image_4501,384,64,3,20,321,170,5.21,106,16.05,0.45,0.79,15.0,0.9
1024,Image_4500,384,64,3,44,351,198,8.12,134,7.98,0.33,0.79,4.0,0.8
1025,Image_4497,384,64,3,24,301,162,11.72,98,12.54,0.72,0.83,36.0,0.9
1026,Image_4496,384,64,3,27,337,182,10.04,118,12.48,0.88,0.92,92.0,1.0
1027,Image_4494,384,64,3,14,285,150,11.98,86,20.36,0.73,0.79,70.0,1.0
1028,Image_4493,384,64,3,19,308,164,2.21,100,16.21,0.31,0.8,8.0,0.8
1029,Image_4409,384,64,3,48,80,64,13.0,0,1.67,0.55,0.75,11.0,0.5
1030,Image_4407,384,64,3,20,39,30,18.12,34,1.95,0.15,0.48,12.0,0.3
1031,Image_4406,384,64,3,13,27,20,11.5,44,2.08,0.08,0.59,1.0,0.1
1032,Image_4296,384,64,3,59,67,63,3.89,1,1.14,0.09,0.39,3.0,0.4
1033,Image_4286,384,64,3,17,27,22,4.13,42,1.59,0.15,0.48,59.0,0.1
1034,Image_4175,384,64,3,78,126,102,4.58,38,1.62,0.31,0.72,5.0,0.5
1035,Image_4170,384,64,3,29,119,74,5.58,10,4.1,0.32,0.6,16.0,0.7
1036,Image_4123,384,64,3,69,61,65,10.97,1,1.13,0.07,0.54,1.0,0.15
1037,Image_4122,384,64,3,68,111,90,16.9,26,1.63,0.2,0.6,2.0,0.4
1038,Image_4121,384,64,3,69,108,88,7.0,24,1.57,0.44,0.68,8.0,0.4
1039,Image_4120,384,64,3,43,56,50,3.53,14,1.3,0.3,0.53,20.0,0.3
1040,Image_4119,384,64,3,78,112,95,2.49,31,1.44,0.71,0.37,5.0,0.5
1041,Image_4116,384,64,3,59,80,70,4.25,6,1.36,0.0,0.47,0.0,0.5
1042,Image_4115,384,64,3,39,72,56,4.39,8,1.85,0.33,0.7,2.0,0.6
1043,Image_4113,384,64,3,40,57,48,4.57,16,1.43,0.39,0.64,24.0,0.6
1044,Image_4111,384,64,3,35,42,38,2.94,26,1.2,0.29,0.63,10.0,0.8
1045,Image_4110,384,64,3,132,52,92,17.65,28,2.54,1.4,0.3,7.0,0.3
1046,Image_4089,384,64,3,31,60,46,1.33,18,1.94,0.23,0.44,18.0,0.4
1047,Image_4088,384,64,3,46,59,52,4.74,12,1.28,0.04,0.43,1.0,0.4
1048,Image_4087,384,64,3,40,31,36,0.71,28,1.29,0.12,0.47,16.0,0.2
1049,Image_4086,384,64,3,53,75,64,2.4,0,1.42,0.2,0.37,2.0,0.3
1050,Image_4085,384,64,3,26,36,31,1.44,33,1.38,0.12,0.39,9.0,0.2
1051,Image_4084,384,64,3,44,57,50,6.06,14,1.3,0.08,0.51,1.0,0.25
1052,Image_4083,384,64,3,54,54,54,1.32,10,1.0,0.59,0.3,35.0,0.25
1053,Image_4082,384,64,3,28,22,25,1.78,39,1.27,0.09,0.41,9.0,0.2
1054,Image_4079,384,64,3,44,61,52,3.18,12,1.39,0.26,0.25,5.0,0.2
1055,Image_4078,384,64,3,32,52,42,3.92,22,1.62,0.0,0.42,0.0,0.25
1056,Image_4077,384,64,3,17,34,26,4.73,38,2.0,0.31,0.31,52.0,0.3
1057,Image_4074,384,64,3,48,62,55,2.63,9,1.29,0.12,0.41,3.0,0.25
1058,Image_4073,384,64,3,65,60,62,5.03,2,1.08,0.04,0.28,1.0,0.2
1059,Image_4072,384,64,3,65,86,76,4.11,12,1.32,0.22,0.44,2.0,0.7
1060,Image_4069,384,64,3,35,26,30,2.89,34,1.35,0.11,0.4,15.0,0.2
1061,Image_4068,384,64,3,71,99,85,4.99,21,1.39,0.67,0.43,4.0,0.4
1062,Image_4067,384,64,3,38,52,45,2.07,19,1.37,0.02,0.38,1.0,0.2
1063,Image_4066,384,64,3,72,98,85,4.13,21,1.36,0.5,0.49,3.0,0.8
1064,Image_4065,384,64,3,51,40,46,4.7,18,1.27,0.06,0.43,2.0,0.3
1065,Image_4063,384,64,3,57,57,57,3.93,7,1.0,1.2,0.27,6.0,0.5
1066,Image_4062,384,64,3,15,25,20,4.78,44,1.67,0.0,0.48,0.0,0.5
1067,Image_3697,384,64,3,149,108,128,8.06,64,1.38,0.1,0.75,1.0,0.6
1068,Image_3696,384,64,3,146,126,136,6.6,72,1.16,0.43,0.86,6.0,0.7
1069,Image_3694,384,64,3,57,86,72,4.52,8,1.51,0.1,0.44,3.0,0.2
1070,Image_3693,384,64,3,44,54,49,2.17,15,1.23,0.24,0.22,7.0,0.3
1071,Image_3651,384,64,3,89,114,102,8.77,38,1.28,1.2,0.64,6.0,0.6
1072,Image_3650,384,64,3,47,81,64,9.85,0,1.72,1.33,0.69,8.0,0.7
1073,Image_3645,384,64,3,45,49,47,8.12,17,1.09,0.43,0.49,18.0,0.6
1074,Image_3644,384,64,3,63,61,62,17.41,2,1.03,1.17,0.63,7.0,0.9
1075,Image_3501,384,64,3,30,41,36,6.66,28,1.37,0.02,0.4,1.0,0.3
1076,Image_3500,384,64,3,51,70,60,4.19,4,1.37,0.15,0.38,2.0,0.2
1077,Image_3494,384,64,3,85,53,69,4.23,5,1.6,0.16,0.47,5.0,0.25
1078,Image_3342,384,64,3,72,112,92,3.12,28,1.56,0.08,0.48,1.0,0.2
1079,Image_3341,384,64,3,52,57,54,2.28,10,1.1,0.09,0.31,3.0,0.2
1080,Image_3339,384,64,3,67,94,80,5.02,16,1.4,0.92,0.33,12.0,0.25
1081,Image_3329,384,64,3,15,10,12,2.06,52,1.5,0.34,0.75,91.0,0.6
1082,Image_3310,384,64,3,40,50,45,1.94,19,1.25,0.48,0.15,10.0,0.2
1083,Image_3309,384,64,3,49,80,64,4.99,0,1.63,0.33,0.23,4.0,0.3
1084,Image_3284,384,64,3,80,92,86,18.34,22,1.15,0.45,0.31,4.0,0.25
1085,Image_3283,384,64,3,31,32,32,9.74,32,1.03,0.18,0.49,8.0,0.4
1086,Image_3282,384,64,3,57,63,60,10.84,4,1.11,0.11,0.34,3.0,0.6
1087,Image_3281,384,64,3,90,57,74,14.73,10,1.58,0.36,0.38,4.0,0.3
1088,Image_3279,384,64,3,44,59,52,7.88,12,1.34,0.21,0.33,4.0,0.2
1089,Image_3278,384,64,3,55,41,48,4.52,16,1.34,0.38,0.57,18.0,0.3
1090,Image_3275,384,64,3,80,72,76,5.56,12,1.11,0.5,0.6,12.0,0.4
1091,Image_3271,384,64,3,96,102,99,12.29,35,1.06,0.32,0.59,10.0,0.6
1092,Image_3270,384,64,3,68,80,74,7.03,10,1.18,0.36,0.34,5.0,0.2
1093,Image_3268,384,64,3,68,77,72,11.06,8,1.13,0.05,0.52,1.0,0.5
1094,Image_3160,384,64,3,89,93,91,7.13,27,1.04,0.3,0.52,3.0,0.5
1095,Image_2956,384,64,3,81,46,64,12.53,0,1.76,0.39,0.52,7.0,0.3
1096,Image_2955,384,64,3,39,31,35,3.12,29,1.26,0.14,0.47,17.0,0.3
1097,Image_2954,384,64,3,47,78,62,0.88,2,1.66,0.33,0.55,19.0,0.5
1098,Image_2952,384,64,3,28,59,44,3.1,20,2.11,0.05,0.38,3.0,0.25
1099,Image_2951,384,64,3,39,68,54,1.05,10,1.74,0.07,0.41,1.0,0.25
1100,Image_2949,384,64,3,87,37,62,2.86,2,2.35,0.31,0.51,11.0,0.3
1101,Image_2948,384,64,3,80,78,79,3.24,15,1.03,1.2,0.33,6.0,0.5
1102,Image_2947,384,64,3,51,60,56,1.97,8,1.18,0.03,0.34,1.0,0.3
1103,Image_2946,384,64,3,72,63,68,12.06,4,1.14,0.71,0.37,5.0,0.5
1104,Image_2945,384,64,3,75,52,64,1.33,0,1.44,0.3,0.56,6.0,0.3
1105,Image_2944,384,64,3,37,59,48,7.86,16,1.59,0.0,0.4,0.0,0.2
1106,Image_2943,384,64,3,58,60,59,1.65,5,1.03,0.61,0.31,11.0,0.3
1107,Image_2942,384,64,3,48,48,48,1.03,16,1.0,0.39,0.3,7.0,0.3
1108,Image_2941,384,64,3,86,82,84,10.9,20,1.05,0.23,0.72,5.0,0.8
1109,Image_2939,384,64,3,24,32,28,4.29,36,1.33,0.33,0.38,13.0,0.5
1110,Image_2938,384,64,3,79,68,74,15.61,10,1.16,0.12,0.57,1.0,0.8
1111,Image_2937,384,64,3,44,44,44,12.12,20,1.0,0.66,0.29,31.0,0.5
1112,Image_2936,384,64,3,84,54,69,12.91,5,1.56,0.15,0.44,3.0,0.7
1113,Image_2935,384,64,3,83,41,62,2.41,2,2.02,0.08,0.48,1.0,0.7
1114,Image_2933,384,64,3,53,36,44,10.11,20,1.47,0.55,0.63,57.0,0.3
1115,Image_2932,384,64,3,94,54,74,11.58,10,1.74,0.67,0.3,10.0,0.7
1116,Image_2931,384,64,3,59,49,54,26.1,10,1.2,0.09,0.44,4.0,0.6
1117,Image_2930,384,64,3,35,46,40,4.48,24,1.31,0.19,0.54,14.0,0.2
1118,Image_2929,384,64,3,37,35,36,2.45,28,1.06,0.05,0.48,4.0,0.5
1119,Image_2927,384,64,3,30,46,38,4.29,26,1.53,0.36,0.35,13.0,0.4
1120,Image_2926,384,64,3,94,53,74,6.51,10,1.77,0.04,0.42,1.0,0.35
1121,Image_2924,384,64,3,47,45,46,2.54,18,1.04,0.19,0.44,13.0,0.2
1122,Image_2923,384,64,3,53,34,44,8.82,20,1.56,0.65,0.4,34.0,0.9
1123,Image_2922,384,64,3,75,66,70,14.52,6,1.14,0.46,0.26,6.0,0.6
1124,Image_2921,384,64,3,67,55,61,12.4,3,1.22,0.29,0.32,6.0,0.5
1125,Image_2920,384,64,3,40,79,60,10.44,4,1.98,0.32,0.65,6.0,0.3
1126,Image_2918,384,64,3,47,49,48,1.7,16,1.04,0.31,0.5,11.0,0.25
1127,Image_2916,384,64,3,17,18,18,2.78,46,1.06,0.02,0.54,3.0,0.2
1128,Image_2915,384,64,3,45,48,46,3.97,18,1.07,0.65,0.38,24.0,0.3
1129,Image_2914,384,64,3,33,76,54,3.09,10,2.3,0.0,0.32,0.0,0.3
1130,Image_2913,384,64,3,69,72,70,7.9,6,1.04,2.75,0.43,11.0,0.7
1131,Image_2912,384,64,3,34,36,35,1.03,29,1.06,0.03,0.42,2.0,0.15
1132,Image_2910,384,64,3,49,177,113,1.35,49,3.61,0.26,0.66,5.0,0.6
1133,Image_2908,384,64,3,44,53,48,4.41,16,1.2,0.18,0.33,5.0,0.3
1134,Image_2248,384,64,3,38,56,47,2.96,17,1.47,0.07,0.41,4.0,0.3
1135,Image_2225,384,64,3,94,109,102,13.89,38,1.16,0.36,0.51,5.0,0.25
1136,Image_2209,384,64,3,100,148,124,8.56,60,1.48,0.38,0.6,3.0,0.6
1137,Image_2203,384,64,3,64,100,82,8.41,18,1.56,0.16,0.48,3.0,0.8
1138,Image_2195,384,64,3,122,115,118,8.88,54,1.06,0.44,0.68,4.0,0.4
1139,Image_2177,384,64,3,79,128,104,7.82,40,1.62,0.29,0.41,6.0,0.4
1140,Image_2165,384,64,3,81,104,92,3.98,28,1.28,0.14,0.45,4.0,0.25
1141,Image_2155,384,64,3,101,95,98,3.77,34,1.06,0.38,0.56,5.0,0.3
1142,Image_2152,384,64,3,72,127,100,26.52,36,1.76,0.83,0.34,10.0,0.5
1143,Image_2142,384,64,3,76,87,82,15.41,18,1.14,0.05,0.5,2.0,0.25
1144,Image_2141,384,64,3,83,109,96,7.47,32,1.31,0.57,0.38,4.0,0.3
1145,Image_2138,384,64,3,53,83,68,7.41,4,1.57,0.71,0.33,12.0,0.2
1146,Image_2140,384,64,3,77,73,75,17.72,11,1.05,0.11,0.46,2.0,0.5
1147,Image_2051,384,64,3,102,56,79,9.09,15,1.82,0.21,0.65,4.0,0.5
1148,Image_2036,384,64,3,76,51,64,4.55,0,1.49,0.17,0.73,4.0,0.6
1149,Image_2035,384,64,3,108,40,74,5.26,10,2.7,0.22,0.78,8.0,0.8
1150,Image_2026,384,64,3,83,58,70,4.52,6,1.43,0.14,0.83,2.0,0.8
1151,Image_2019,384,64,3,119,81,100,5.13,36,1.47,0.46,0.82,12.0,0.9
1152,Image_2018,384,64,3,34,73,54,4.33,10,2.15,0.31,0.68,31.0,0.6
1153,Image_2011,384,64,3,55,35,45,2.34,19,1.57,0.47,0.7,70.0,0.3
1154,Image_2009,384,64,3,29,22,26,0.94,38,1.32,0.51,0.75,202.0,0.2
1155,Image_2008,384,64,3,51,46,48,2.13,16,1.11,0.53,0.79,48.0,0.3
1156,Image_2007,384,64,3,41,36,38,13.34,26,1.14,0.35,0.66,57.0,0.3
1157,Image_2005,384,64,3,31,24,28,0.47,36,1.29,0.49,0.77,136.0,0.2
1158,Image_2004,384,64,3,35,22,28,1.89,36,1.59,0.43,0.72,174.0,0.2
1159,Image_1493,384,64,3,17,28,22,1.32,42,1.65,2.72,0.29,49.0,0.7
1160,Image_1463,384,64,3,31,37,34,6.78,30,1.19,0.0,0.34,0.0,0.1
1161,Image_1461,384,64,3,15,23,19,1.67,45,1.53,1.02,0.38,50.0,0.3
1162,Image_1456,384,64,3,15,21,18,2.32,46,1.4,0.18,0.5,28.0,0.2
1163,Image_1130,384,64,3,15,10,12,1.7,52,1.5,0.47,0.89,55.0,0.9
1164,Image_1106,384,64,3,31,28,30,5.92,34,1.11,0.34,0.67,25.0,0.8
1165,Image_998,384,64,3,34,42,38,2.51,26,1.24,0.17,0.62,5.0,0.8
1166,Image_996,384,64,3,59,78,68,8.63,4,1.32,0.05,0.62,1.0,0.3
1167,Image_993,384,64,3,59,75,67,11.75,3,1.27,0.06,0.5,1.0,0.5
1168,Image_991,384,64,3,18,29,24,1.05,40,1.61,0.43,0.72,70.0,0.6
1169,Image_990,384,64,3,19,27,23,0.94,41,1.42,0.34,0.71,58.0,0.8
1170,Image_989,384,64,3,27,82,54,8.61,10,3.04,0.07,0.5,6.0,0.5
1171,Image_988,384,64,3,57,114,86,2.34,22,2.0,0.45,0.56,10.0,0.5
1172,Image_985,384,64,3,30,46,38,6.6,26,1.53,0.26,0.68,19.0,0.7
1173,Image_907,384,64,3,48,125,86,11.0,22,2.6,0.46,0.73,25.0,0.9
1174,Image_906,384,64,3,13,28,20,3.02,44,2.15,0.31,0.61,55.0,0.7
1175,Image_701,384,64,3,40,73,56,2.83,8,1.82,0.14,0.48,10.0,0.5
1176,Image_693,384,64,3,61,84,72,2.03,8,1.38,0.11,0.46,2.0,0.3
1177,Image_680,384,64,3,53,145,99,4.26,35,2.74,0.25,0.54,3.0,0.7
1178,Image_349,384,64,3,51,100,76,2.28,12,1.96,0.11,0.48,4.0,0.6
1179,Image_342,384,64,3,49,64,56,21.39,8,1.31,0.02,0.52,1.0,0.7
1180,Image_336,384,64,3,35,45,40,4.14,24,1.29,0.86,0.91,101.0,0.9
1181,Image_330,384,64,3,84,111,98,8.1,34,1.32,0.34,0.6,13.0,0.3
1182,Image_317,384,64,3,16,25,20,3.57,44,1.56,0.61,0.81,22.0,0.9
1183,Image_313,384,64,3,83,125,104,10.78,40,1.51,0.57,0.69,30.0,0.3
1184,Image_293,384,64,3,45,72,58,6.54,6,1.6,0.18,0.44,9.0,0.2
1185,Image_291,384,64,3,54,99,76,11.11,12,1.83,1.33,0.61,8.0,0.6
1186,Image_286,384,64,3,53,87,70,13.14,6,1.64,0.38,0.57,6.0,0.5
1187,Image_2,384,64,3,50,82,66,1.94,2,1.64,0.43,0.6,6.0,0.9
